{
  "ammo": "tacz:50ae",
  "can_slide": false,
  "ammo_amount": 7,
  "bolt": "manual_action",
  "rpm": 1200,
  "bullet": {
    "life": 0.9,
    "bullet_amount": 1,
    "damage": 15,
    "tracer_count_interval": 0,
    "extra_damage": {
      "armor_ignore": 0.2,
      "head_shot_multiplier": 1.5,
      "damage_adjust": [
        {"distance": 15, "damage": 15},
        {"distance": 25, "damage": 13},
        {"distance": 35, "damage": 11},
        {"distance": 45, "damage": 9},
        {"distance": "infinite", "damage": 7}
      ]
    },
    "speed": 180,
    "gravity": 0.15,
    "knockback": 0.1,
    "friction": 0.03,
    "ignite": false,
    "pierce": 1,
    "explosion": {
      "explode": false,
      "damage": 30,
      "radius": 0.75,
      "knockback": true,
      "delay": 1
    }
  },
  "reload": {
    "type": "magazine",
    "feed": {
      "empty": 4.3,
      "tactical": 4.2
    },
    "cooldown": {
      "empty": 7.3,
      "tactical": 6
    }
  },
 "draw_time": 0.75,
  "put_away_time": 0.65,
  "aim_time": 0.3,
  "sprint_time": 0.2,
  "bolt_action_time": 1.25,
  "weight": 5,
  "fire_mode": [
    "semi"
  ],
  "recoil": {
    "pitch": [
      {"time": 0, "value": [2, 2]},
      {"time": 0.32, "value": [2, 2]},
      {"time": 0.57, "value": [-0.5, -0.5]},
      {"time": 0.82, "value": [0.25, 0.25]},
      {"time": 1.17, "value": [0, 0]},
      {"time": 1.47, "value": [0, 0]}
    ],
    "yaw": [
      {"time": 0, "value": [-0.5, -0.35]},
      {"time": 0.32, "value": [-0.5, -0.35]},
      {"time": 0.57, "value": [0, 0]}
    ]
  },

  "melee": {
    "distance": 1,
    "cooldown": 0.7,
    "default": {
      "animation_type": "melee_stock",
      "distance": 3,
      "range_angle": 40,
      "cooldown": 0,
      "damage": 4,
      "knockback": 0.5,
      "prep": 0.1
    }
  },

  "inaccuracy": {
    "stand": 2.5,
    "move": 4,
    "sneak": 0.5,
    "lie": 1,
    "aim": 0.12
  }

}