{
  "ammo": "tacz:9mm",
  "can_slide": false,
  "rpm": 900,
  "bullet": {
    "life": 0.8,
    "bullet_amount": 1,
    "damage": 6.5,
    "tracer_count_interval": 0,
    "extra_damage": {
      "armor_ignore": 0.1,
      "head_shot_multiplier": 1.5,
      "damage_adjust": [
        {"distance": 15, "damage": 6.5},
        {"distance": 35, "damage": 5},
        {"distance": "infinite", "damage": 3.5}
      ]
    },
    "speed": 160,
    "gravity": 0.15,
    "knockback": 0,
    "friction": 0.025,
    "ignite": false,
    "pierce": 1
  },
  "ammo_amount": 16,
  "bolt": "open_bolt",
  "reload": {
    "type": "magazine",
    "feed": {
      "empty": 3.3,
      "tactical": 5.3
    },
    "cooldown": {
      "empty": 4.8,
      "tactical": 6.7
    }
  },
  "draw_time": 0.3,
  "put_away_time": 0.3,
  "aim_time": 0.2,
  "sprint_time": 0.05,
  "weight": 1.3,
  "movement_speed": {
    "base": 0.0,
    "aim": 0,
    "reload": 0.1
  },
  "crawl_recoil_multiplier": 0.75,
  "fire_mode": [
    "auto",
    "semi"

  ],
  "recoil": {
    "pitch": [
      {"time": 0, "value": [0.3, 0.3]},
      {"time": 0.35, "value": [-0.175, -0.175]},
      {"time": 0.6, "value": [-0.175, -0.175]},
      {"time": 0.8, "value": [0.05, 0.05]},
      {"time": 1.0, "value": [0, 0]}
    ],
    "yaw": [
      {"time": 0, "value": [-0.15, 0.15]},
      {"time": 0.45, "value": [0, 0]}
    ]
  },
  "inaccuracy": {
    "stand": 3,
    "move": 3.5,
    "sneak": 1,
    "lie": 1,
    "aim": 0.25
  }
}