{
    "ammo": "qkl:rb10",
    "can_slide": false,
    "ammo_amount": 5,
    "bolt": "manual_action",
    "rpm": 500,
    "bullet": {
      "life": 1,
      "bullet_amount": 1,
      "damage": 30,
      "tracer_count_interval": 0,
      "extra_damage": {
        "armor_ignore": 0.65,
        "head_shot_multiplier": 2,
        "damage_adjust": [
          {"distance": 1, "damage": 33},
          {"distance": 5, "damage": 21},
          {"distance": 20, "damage": 19},
          {"distance": 65, "damage": 23.5},
          {"distance": 80, "damage": 33},
          {"distance": 90, "damage": 30},
          {"distance": 120, "damage": 20},
          {"distance": 135, "damage": 17},
          {"distance": "infinite", "damage": 15}
        ]
      },
      "speed": 310,
      "gravity": 0.025,
      "knockback": 0,
      "friction": 0.015,
      "ignite": false,
      "pierce": 2
    },
    "reload": {
      "type": "magazine",
      "feed": {
        "empty": 4.8,
        "tactical": 4.3
      },
      "cooldown": {
        "empty": 4.9,
        "tactical": 4.5
      }
    },
    "script": "qkl:cbr11_gun_logic",
  "script_param": {
    "bolt_time": 1.7,
    "intro": 2,
    "intro_empty": 2,
    "intro_empty_clip": 0.83,
    "loop": 1.25,
    "ending": 1.5,
    "ending_empty": 1.5,
    "ending_empty_feed": 0.5,
    "clip_load": 2.75,
    "clip_load_feed": 2.75,
    "loop_feed": 0.6
  },
    "draw_time": 1.63,
    "put_away_time": 1.53,
    "aim_time": 0.3,
    "sprint_time": 0.2,
    "weight": 4.3,
    "fire_mode": [
      "semi"
    ],
    "recoil": {
      "pitch": [
        {"time": 0, "value": [2.8, 2.8]},
        {"time": 0.3, "value": [2.8, 2.8]},
        {"time": 0.55, "value": [-0.225, -0.225]},
        {"time": 0.7, "value": [0, 0]},
        {"time": 0.8, "value": [0, 0]}
      ],
      "yaw": [
        {"time": 0, "value": [-0.2, -0.2]},
        {"time": 0.45, "value": [-0.2, -0.2]},
        {"time": 0.7, "value": [0, 0]}
      ]
    },

    "melee": {
    "distance": 1,
    "cooldown": 0.7,
    "default": {
      "animation_type": "melee_stock",
      "distance": 0,
      "range_angle": 40,
      "cooldown": 0,
      "damage": 4,
      "knockback": 0.5,
      "prep": 0.1
    }
  },
  
  "allow_attachment_types": [

    "scope",
    "muzzle"


  ],

    "inaccuracy": {
      "stand": 5,
      "move": 7,
      "sneak": 3,
      "lie": 2,
      "aim": 0.05
    }
}