{
    "ammo": "qkl:rb10",
    "can_slide": false,
    "ammo_amount": 1,
    "bolt": "open_bolt",
    "rpm": 600,
    "bullet": {
      "life": 1,
      "bullet_amount": 1,
      "damage": 31,
      "tracer_count_interval": 0,
      "extra_damage": {
        "armor_ignore": 0.4,
        "head_shot_multiplier": 1.5,
        "damage_adjust": [
          {"distance": 15, "damage": 36},
          {"distance": 35, "damage": 31},
          {"distance": 65, "damage": 26},
          {"distance": 85, "damage": 19},
          {"distance": 100, "damage": 16},
          {"distance": "infinite", "damage": 12}
        ]
      },
      "speed": 250,
      "gravity": 0.025,
      "knockback": 0.02,
      "friction": 0.015,
      "ignite": false,
      "pierce": 1
    },
    "reload": {
      "type": "magazine",
      "feed": {
        "empty": 1.83,
        "tactical": 1.83
      },
      "cooldown": {
        "empty": 3.4,
        "tactical": 3.4
      }
    },
    "draw_time": 0.57,
    "put_away_time": 0.57,
    "aim_time": 0.3,
    "sprint_time": 0.2,
    "weight": 4.5,
    "fire_mode": [
      "semi"
    ],
    "recoil": {
      "pitch": [
        {"time": 0, "value": [3.5, 3.5]},
        {"time": 0.3, "value": [3.5, 3.5]},
        {"time": 0.55, "value": [-0.225, -0.225]},
        {"time": 0.7, "value": [0, 0]},
        {"time": 0.8, "value": [0, 0]}
      ],
      "yaw": [
        {"time": 0, "value": [-1, -1]},
        {"time": 0.45, "value": [-1, -1]},
        {"time": 0.7, "value": [0, 0]}
      ]
    },

    "melee": {
    "distance": 1,
    "cooldown": 0.6,
    "default": {
      "animation_type": "melee_stock",
      "distance": 0,
      "range_angle": 40,
      "cooldown": 0,
      "damage": 4,
      "knockback": 0.5,
      "prep": 0.1
    }
  },

  "allow_attachment_types": [

    "muzzle"

  ],

    "inaccuracy": {
      "stand": 5,
      "move": 7,
      "sneak": 3,
      "lie": 2,
      "aim": 0.16
    }
}