{
  "ammo": "",
  "rpm": 100,
  "bullet": {
    "life": 0.2,
    "bullet_amount": 10,
    "damage": 200,
    "extra_damage": {
      "armor_ignore": 0.4,
      "head_shot_multiplier": 2.5,
      "damage_adjust": [
        {"distance": 10, "damage": 8},
        {"distance": "infinite", "damage": 0}
      ]
    },
    "speed": 10,
    "gravity": 0.0245,
    "knockback": 0,
    "friction": 0.012,
    "ignite": false,
    "pierce": 1
  },
  "script": "qkl:m1905_logic",
  "script_param": {
    "shoot_delay": 0.4,
    "power_open": 1,
    "power_feed": 0.5,
    "power_close": 1
  },
  "draw_time": 0.79,
  "put_away_time": 0.5,
  "aim_time": 0.1,
  "sprint_time": 0.8,
  "weight": 1,
  "fire_mode": [
    "semi"
  ],
  "recoil": {
    "pitch": [
      {"time": 0, "value": [0, 0]},
      {"time": 0.32, "value": [0, 0]},
      {"time": 0.57, "value": [0, 0]},
      {"time": 0.82, "value": [0, 0]},
      {"time": 1.17, "value": [0, 0]},
      {"time": 1.47, "value": [0, 0]}
    ],
    "yaw": [
      {"time": 0, "value": [0, 0]},
      {"time": 0.32, "value": [0, 0]},
      {"time": 0.57, "value": [0, 0]}
    ]
  },
  

  "melee": {
    "distance": 1,
    "cooldown": 0.55,
    "default": {
      "animation_type": "melee_stock",
      "distance": 0,
      "range_angle": 40,
      "cooldown": 0,
      "damage": 8,
      "knockback": 0,
      "prep": 0.1
    }
  },

  "inaccuracy": {
    "stand": 5,
    "move": 5,
    "sneak": 1,
    "lie": 4.5,
    "aim": 0.65
  }

}