{
	"format_version": "1.8.0",
	"animations": {
		"static_idle": {
			"animation_length": 0.0667,
			"bones": {
				"lefthand": {
					"rotation": [94.13262, -36.74575, -130.79711],
					"position": [7.63, -16.35, -0.07],
					"scale": [1, 1.5, 1]
				},
				"righthand": {
					"rotation": [95.42329, 9.77853, -177.09802],
					"position": [-6.85, -16.2, 15.325],
					"scale": [1, 1.5, 1]
				},
				"constraint": {
					"rotation": [0.5, 0.5, 0.5],
					"position": [0.5, 0.5, 0.5]
				},
				"bolt": {
					"position": [0, 0, 0]
				}
			}
		},
		"static_bolt_caught": {
			"animation_length": 0.1,
			"bones": {
				"bullet": {
					"scale": 0
				},
				"bolt": {
					"position": [0, 0, 5.2]
				},
				"b1": {
					"scale": 0
				}
			}
		},
		"draw": {
			"animation_length": 0.7333,
			"bones": {
				"lefthand": {
					"rotation": [94.13262, -36.74575, -130.79711],
					"position": [7.63, -16.35, -0.07],
					"scale": [1, 1.5, 1]
				},
				"righthand": {
					"rotation": [95.42329, 9.77853, -177.09802],
					"position": [-6.85, -16.2, 15.325],
					"scale": [1, 1.5, 1]
				},
				"root": {
					"rotation": {
						"0.0": {
							"post": [0, -35, 57.5],
							"lerp_mode": "catmullrom"
						},
						"0.1667": {
							"post": [2.7348, -8.92512, 37.89727],
							"lerp_mode": "catmullrom"
						},
						"0.3333": {
							"post": [0.64547, -1.47247, 6.10117],
							"lerp_mode": "catmullrom"
						},
						"0.4333": {
							"post": [1.37749, -0.08367, -1.55166],
							"lerp_mode": "catmullrom"
						},
						"0.5": {
							"post": [-0.45456, -0.10457, 0.82333],
							"lerp_mode": "catmullrom"
						},
						"0.6": [-0.065, -0.44, -0.27],
						"0.7": [0, 0, 0]
					},
					"position": {
						"0.0": {
							"post": [0, -8, 2],
							"lerp_mode": "catmullrom"
						},
						"0.1667": {
							"post": [-0.14, -2.41, -0.195],
							"lerp_mode": "catmullrom"
						},
						"0.2333": {
							"post": [-0.22, -0.29, -1.425],
							"lerp_mode": "catmullrom"
						},
						"0.3333": {
							"post": [-0.125, -0.385, -1.975],
							"lerp_mode": "catmullrom"
						},
						"0.4333": {
							"post": [0, -0.305, 0.05],
							"lerp_mode": "catmullrom"
						},
						"0.5333": {
							"post": [0.05, 0, -0.15],
							"lerp_mode": "catmullrom"
						},
						"0.6333": {
							"post": [-0.025, 0, 0.05],
							"lerp_mode": "catmullrom"
						},
						"0.7333": {
							"post": [0, 0, 0],
							"lerp_mode": "catmullrom"
						}
					}
				},
				"camera": {
					"rotation": {
						"0.0": {
							"post": [0, 0, 0],
							"lerp_mode": "catmullrom"
						},
						"0.2": {
							"post": [1.00016, 0.00436, 0.75027],
							"lerp_mode": "catmullrom"
						},
						"0.4333": {
							"post": [0, 0, -0.75],
							"lerp_mode": "catmullrom"
						},
						"0.5333": {
							"post": [0, 0, 0],
							"lerp_mode": "catmullrom"
						},
						"0.6333": {
							"post": [0, 0, -0.3],
							"lerp_mode": "catmullrom"
						},
						"0.7333": {
							"post": [0, 0, 0],
							"lerp_mode": "catmullrom"
						}
					}
				}
			},
			"sound_effects": {
				"0.0": {
					"effect": "tacz:sks/sks_raise"
				}
			}
		},
		"put_away": {
			"animation_length": 0.4667,
			"bones": {
				"lefthand": {
					"rotation": {
						"0.0": [94.13262, -36.74575, -130.79711],
						"0.0667": [127.67152, -14.70086, -183.17363],
						"0.1333": [148.34013, 7.13088, -207.53996]
					},
					"position": {
						"0.0": [7.63, -16.35, -0.07],
						"0.1333": [8.805, -12.2, -4.57]
					},
					"scale": [1, 1.5, 1]
				},
				"righthand": {
					"rotation": [95.42329, 9.77853, -177.09802],
					"position": [-6.85, -16.2, 15.325],
					"scale": [1, 1.5, 1]
				},
				"root": {
					"rotation": {
						"0.0": {
							"post": [0, 0, 0],
							"lerp_mode": "catmullrom"
						},
						"0.0667": {
							"post": [-0.51171, -3.6801, -4.19401],
							"lerp_mode": "catmullrom"
						},
						"0.1667": {
							"post": [8.85375, -12.50562, 9.12744],
							"lerp_mode": "catmullrom"
						},
						"0.2667": {
							"post": [11.07965, -25.9961, 30.89401],
							"lerp_mode": "catmullrom"
						},
						"0.3333": {
							"post": [16.0204, -37.99123, 36.84179],
							"lerp_mode": "catmullrom"
						},
						"0.4333": [33.44, -37.82, -13.36]
					},
					"position": {
						"0.0": {
							"post": [0, 0, 0],
							"lerp_mode": "catmullrom"
						},
						"0.0667": {
							"post": [-0.45, -0.49, 0.28],
							"lerp_mode": "catmullrom"
						},
						"0.1667": {
							"post": [-0.67, -1.47, 1.64],
							"lerp_mode": "catmullrom"
						},
						"0.2667": {
							"post": [-0.435, -3.245, 1.76],
							"lerp_mode": "catmullrom"
						},
						"0.3333": {
							"post": [0.22, -5.38, 1.65],
							"lerp_mode": "catmullrom"
						},
						"0.4333": [1.49, -9.585, 0.94]
					}
				},
				"camera": {
					"rotation": {
						"0.0": {
							"post": [0, 0, 0],
							"lerp_mode": "catmullrom"
						},
						"0.1": {
							"post": [0.3, 0, -0.125],
							"lerp_mode": "catmullrom"
						},
						"0.2667": {
							"post": [0.64, 0, 0.3],
							"lerp_mode": "catmullrom"
						},
						"0.3333": {
							"post": [0.5, 0, 0.15],
							"lerp_mode": "catmullrom"
						},
						"0.4333": {
							"post": [0, 0, 0],
							"lerp_mode": "catmullrom"
						}
					}
				}
			},
			"sound_effects": {
				"0.0": {
					"effect": "tacz:sks/sks_drop"
				}
			}
		},
		"reload_tacticalX": {
			"animation_length": 4.5333,
			"bones": {
				"lefthand": {
					"rotation": {
						"0.0": [94.13262, -36.74575, -130.79711],
						"0.1": [94.33657, -33.66764, -132.21944],
						"0.2": [100.85373, -37.57194, -142.7829],
						"0.3333": [95.60103, -24.78336, -132.03482],
						"0.4": [93.19439, -22.86703, -127.15692],
						"0.8667": [103.23369, -26.86613, -127.25031],
						"2.9333": [103.23, -26.87, -127.25],
						"3.2": [94.70686, -38.91563, -120.49204],
						"3.4": [99.04019, -38.91563, -120.49204],
						"3.7667": [89.70686, -38.91563, -120.49204],
						"3.9": [98.21593, -31.15979, -137.79829],
						"4.1": [94.13262, -36.74575, -130.79711]
					},
					"position": {
						"0.0": [7.63, -16.35, -0.07],
						"0.1": [8.33, -15.75, -2.17],
						"0.2": [7.23, -14.05, -5.27],
						"0.5": [7.23, -14.05, -5.27],
						"0.7333": [6.63, -13.63, -6.04],
						"1.0333": [6.63, -13.73, -5.54],
						"2.9333": [6.63, -13.73, -5.54],
						"3.7667": [6.63, -13.73, -5.54],
						"3.9": [7.73, -16.25, -1.37],
						"4.1": [7.63, -16.35, -0.07]
					},
					"scale": {
						"0.0": [1, 1.5, 1],
						"4.1": [1, 1.5, 1]
					}
				},
				"righthand": {
					"rotation": {
						"0.0": [95.42329, 9.77853, -177.09802],
						"0.1667": [95.3606, 10.39503, -183.16008],
						"0.3667": [92.75671, 18.87102, -197.01601],
						"0.5": [92.75671, 18.87102, -197.01601],
						"0.6": [90.61764, 11.66621, -207.58495],
						"0.7": [90.61764, 11.66621, -207.58495],
						"0.8333": [89.5842, 11.67502, -212.69056],
						"1.0": [70.1837, 7.44294, -215.87083],
						"1.2333": [72.16459, 11.4916, -203.87806],
						"1.3667": [87.20796, 12.59511, -181.84802],
						"1.5": [92.25132, 13.69863, -159.81798],
						"1.6333": [112.29895, 15.24768, -163.62691],
						"1.7": [99.01675, 14.31857, -164.96344],
						"1.7667": [99.02, 14.32, -164.96],
						"1.9": [100.24087, 13.48297, -159.88167],
						"1.9667": [107.31471, 14.43785, -159.57563],
						"2.0667": [94.83914, 25.10878, -153.56858],
						"2.1667": [94.83914, 25.10878, -153.56858],
						"2.2667": [90.19139, 27.19492, -148.03789],
						"2.3333": [90.19139, 27.19492, -148.03789],
						"2.4333": [97.97165, 29.11892, -130.81704],
						"2.5667": [97.97, 29.12, -130.82],
						"2.6667": [103.9005, 23.88642, -118.29028],
						"2.8333": [104.74878, 23.39153, -116.17495],
						"2.9333": [104.74878, 23.39153, -116.17495],
						"3.1333": [90.61764, 11.66621, -207.58495],
						"3.2667": [99.66919, 6.58759, -154.59026],
						"3.3333": [98.38775, 8.16084, -152.64862],
						"3.4667": [96.3374, 9.83409, -136.00229],
						"3.6": [100.43928, 18.67264, -153.38017],
						"3.7333": [80.95607, 14.88994, -161.16373],
						"3.9": [94.54479, 10.21321, -182.15593],
						"4.0667": [95.42329, 9.77853, -177.09802]
					},
					"position": {
						"0.0": [-6.85, -16.2, 15.325],
						"0.1667": [-6.85, -16.4, 15.33],
						"0.3667": [-8.85, -15, 2.63],
						"0.5": [-8.85, -15, 2.63],
						"0.6": [-8.85, -15, 7.23],
						"0.7": [-8.85, -15, 7.23],
						"0.8333": [-11.95, -15.7, 7.53],
						"1.0": [-12.25, -23, 15.23],
						"1.0667": [-12.25, -22.69, 15.23],
						"1.2333": [-12.25, -22, 15.23],
						"1.3667": [-12.25, -15.8, 10.13],
						"1.5": [-12.25, -13.2, 9.03],
						"1.6333": [-9.45, -10.4, 5.33],
						"1.7": [-8.75, -10.4, 5.33],
						"1.7667": [-8.75, -10.4, 5.33],
						"1.9": [-8.25, -10.3, 5.33],
						"1.9667": [-8.25, -10.7, 5.33],
						"2.0667": [-8.25, -10.3, 5.33],
						"2.1667": [-8.25, -10.3, 5.33],
						"2.2667": [-8.25, -10.9, 5.33],
						"2.3333": [-8.25, -10.9, 5.33],
						"2.4333": [-8.25, -11.8, 4.53],
						"2.5667": [-8.25, -11.8, 4.53],
						"2.6667": [-8.25, -12.4, 4.53],
						"2.8333": [-8.25, -12.5, 4.53],
						"2.9333": [-8.25, -12.5, 4.53],
						"3.1333": [-8.85, -15, 7.23],
						"3.2667": [-9.45, -13.8, 7.23],
						"3.3333": [-9.45, -13.8, 7.23],
						"3.4667": [-9.45, -14.5, 8.03],
						"3.6": [-12.8, -9.68, 7.5],
						"3.7333": [-13.02, -13.74, 11.41],
						"3.9": [-6.85, -16.2, 15.325],
						"4.0667": [-6.85, -16.2, 15.325]
					},
					"scale": [1, 1.5, 1]
				},
				"constraint": {
					"rotation": [0.1, 0.1, 0.1],
					"position": [0.1, 0.1, 0.5]
				},
				"root": {
					"rotation": {
						"0.0": {
							"post": [0, 0, 0],
							"lerp_mode": "catmullrom"
						},
						"0.1667": {
							"post": [-25.32561, 6.08776, 12.63099],
							"lerp_mode": "catmullrom"
						},
						"0.3": {
							"post": [-30, 5.74, 13.75],
							"lerp_mode": "catmullrom"
						},
						"0.5": {
							"post": [-25.01442, 5.55368, 2.91475],
							"lerp_mode": "catmullrom"
						},
						"0.6": {
							"post": [-34.22672, 0.34068, 2.1043],
							"lerp_mode": "catmullrom"
						},
						"0.7": {
							"post": [-27.34604, -9.24107, -7.71394],
							"lerp_mode": "catmullrom"
						},
						"0.9": {
							"post": [-18.5704, -4.74671, -13.76485],
							"lerp_mode": "catmullrom"
						},
						"1.1333": {
							"post": [-24.60092, -9.22343, -11.28164],
							"lerp_mode": "catmullrom"
						},
						"1.3667": {
							"post": [-31.02784, -13.97545, -19.08694],
							"lerp_mode": "catmullrom"
						},
						"1.7": {
							"post": [-32.34888, -15.50684, -21.75455],
							"lerp_mode": "catmullrom"
						},
						"1.8667": {
							"post": [-32.79953, -9.72997, -18.10999],
							"lerp_mode": "catmullrom"
						},
						"1.9667": {
							"post": [-34.57076, -8.7373, -10.80049],
							"lerp_mode": "catmullrom"
						},
						"2.1": {
							"post": [-34.69304, -8.16899, -7.16864],
							"lerp_mode": "catmullrom"
						},
						"2.1667": {
							"post": [-36.56, -6.27, -5.21],
							"lerp_mode": "catmullrom"
						},
						"2.2667": {
							"post": [-34.94867, -8.58086, -11.47676],
							"lerp_mode": "catmullrom"
						},
						"2.3667": {
							"post": [-37.22, -4.48, -7.8],
							"lerp_mode": "catmullrom"
						},
						"2.4667": {
							"post": [-42.32414, -13.50074, -10.73517],
							"lerp_mode": "catmullrom"
						},
						"2.5667": {
							"post": [-44.7, -15.14, -11.26],
							"lerp_mode": "catmullrom"
						},
						"2.6667": {
							"post": [-42.94754, -20.2098, -16.8366],
							"lerp_mode": "catmullrom"
						},
						"2.8": {
							"post": [-39.51144, -14.39189, -9.97494],
							"lerp_mode": "catmullrom"
						},
						"3.0333": {
							"post": [-28.44392, -9.45782, 6.81582],
							"lerp_mode": "catmullrom"
						},
						"3.3": {
							"post": [-12.95192, -14.41049, -9.8092],
							"lerp_mode": "catmullrom"
						},
						"3.4333": {
							"post": [-6.29, -15.29, -21.57],
							"lerp_mode": "catmullrom"
						},
						"3.5333": {
							"post": [-8.62155, -4.34176, -1.4601],
							"lerp_mode": "catmullrom"
						},
						"3.5667": {
							"post": [-5.66, -12.8, -14.08],
							"lerp_mode": "catmullrom"
						},
						"3.6333": {
							"post": [-0.84813, -19.26397, -21.64641],
							"lerp_mode": "catmullrom"
						},
						"3.7667": {
							"post": [11.38879, -14.40587, -12.8749],
							"lerp_mode": "catmullrom"
						},
						"3.8667": {
							"post": [14.98, -7.62, -6.22],
							"lerp_mode": "catmullrom"
						},
						"3.9667": {
							"post": [12.5036, -1.33805, -0.60244],
							"lerp_mode": "catmullrom"
						},
						"4.0333": {
							"post": [8.62, 0.61, 2.56],
							"lerp_mode": "catmullrom"
						},
						"4.1333": {
							"post": [0.67382, 1.11884, 2.43852],
							"lerp_mode": "catmullrom"
						},
						"4.2": {
							"post": [-1, 0.5, -1.31],
							"lerp_mode": "catmullrom"
						},
						"4.3": {
							"post": [-0.1, 0, -1.1],
							"lerp_mode": "catmullrom"
						},
						"4.4333": {
							"post": [0, 0, 0],
							"lerp_mode": "catmullrom"
						},
						"4.5333": {
							"post": [0, 0, 0],
							"lerp_mode": "catmullrom"
						}
					},
					"position": {
						"0.0": {
							"post": [0, 0, 0],
							"lerp_mode": "catmullrom"
						},
						"0.2": {
							"post": [0, -1.1, 1.3],
							"lerp_mode": "catmullrom"
						},
						"0.5": {
							"post": [0.2, -1.1, 1.4],
							"lerp_mode": "catmullrom"
						},
						"0.6": {
							"post": [-0.4, -2.8, 3.7],
							"lerp_mode": "catmullrom"
						},
						"0.7333": {
							"post": [-0.4, -3.1, 3.4],
							"lerp_mode": "catmullrom"
						},
						"0.9": {
							"post": [-0.1, -2.3, 2.8],
							"lerp_mode": "catmullrom"
						},
						"1.1333": {
							"post": [-0.1, -2.3, 2.4],
							"lerp_mode": "catmullrom"
						},
						"1.3667": {
							"post": [-0.1, -3.5, 2],
							"lerp_mode": "catmullrom"
						},
						"1.6333": {
							"post": [-0.2, -3.8, 2],
							"lerp_mode": "catmullrom"
						},
						"1.8667": {
							"post": [-0.1, -4, 2],
							"lerp_mode": "catmullrom"
						},
						"1.9667": {
							"post": [-0.1, -3.8, 2],
							"lerp_mode": "catmullrom"
						},
						"2.1": {
							"post": [-0.1, -3.9, 1.9],
							"lerp_mode": "catmullrom"
						},
						"2.4667": {
							"post": [-0.1, -5, 0.1],
							"lerp_mode": "catmullrom"
						},
						"2.6667": {
							"post": [-0.1, -5.6, -0.3],
							"lerp_mode": "catmullrom"
						},
						"2.8": {
							"post": [-0.1, -5.6, -0.3],
							"lerp_mode": "catmullrom"
						},
						"3.0": {
							"post": [0.1, -4.2, -1.3],
							"lerp_mode": "catmullrom"
						},
						"3.2": {
							"post": [0.1, -4.2, -5.1],
							"lerp_mode": "catmullrom"
						},
						"3.3": {
							"post": [0.1, -3.7, -5.9],
							"lerp_mode": "catmullrom"
						},
						"3.4333": {
							"post": [0.1, -3.7, -5.8],
							"lerp_mode": "catmullrom"
						},
						"3.5": {
							"post": [0.1, -3.7, -0.2],
							"lerp_mode": "catmullrom"
						},
						"3.5667": {
							"post": [0.09, -3.74, -0.59],
							"lerp_mode": "catmullrom"
						},
						"3.6333": {
							"post": [0.1, -3.7, -2.9],
							"lerp_mode": "catmullrom"
						},
						"3.7667": {
							"post": [0.3, -3.1, -4.7],
							"lerp_mode": "catmullrom"
						},
						"3.9667": {
							"post": [-0.21, -0.93, -1.21],
							"lerp_mode": "catmullrom"
						},
						"4.0667": {
							"post": [0, -0.275, 0.5],
							"lerp_mode": "catmullrom"
						},
						"4.1667": {
							"post": [0, -0.075, -0.2],
							"lerp_mode": "catmullrom"
						},
						"4.2667": {
							"post": [0, 0, 0],
							"lerp_mode": "catmullrom"
						},
						"4.3": {
							"post": [0, 0, 0],
							"lerp_mode": "catmullrom"
						}
					}
				},
				"cip": {
					"rotation": {
						"0.0": [0, 0, 0],
						"1.3333": [0, 0, 0],
						"1.3667": [0, 0, -7],
						"1.5333": [0.57293, -2.94483, -8.01473],
						"1.6333": [0.87785, -2.8688, -14.02198],
						"1.7": [0.57, -2.92, -8.01],
						"1.7667": [0.57, -2.92, -8.01],
						"1.8333": [0.10479, -2.99817, 0.99726],
						"1.9": [0.10479, -2.99817, 0.99726]
					},
					"position": {
						"0.0": [0, 0, 0],
						"1.3333": [0, 0, 0],
						"1.3667": [-3.8, 2.8, -19],
						"1.5333": [-3.1, 5.9, -21.5],
						"1.6333": [-0.9, 8.1, -23.9],
						"1.7": [0, 7.34, -23.9],
						"1.7667": [0, 7.34, -23.9],
						"1.8333": [0.1, 7.2, -23.9],
						"1.9": [0.1, 7.2, -23.9],
						"1.9667": [0.1, 6.6, -23.9]
					}
				},
				"c": {
					"rotation": {
						"3.4667": [0, 0, 0],
						"3.5": [0, 0, 0],
						"3.5333": [17.56513, 12.47843, -22.16589],
						"3.6": [-15.38388, 56.30461, -113.01833],
						"3.6667": [39.85186, 44.44417, -18.89427],
						"3.7667": [36.0225, 24.59715, 25.60138],
						"3.8333": [11.89937, 1.61576, 66.42379],
						"3.9667": [-10.59135, -11.60787, 179.06969]
					},
					"position": {
						"3.4667": [0, 0, 0],
						"3.5": [0, 0, 0],
						"3.5333": [0, 1.6, 0],
						"3.6": [-1.4, 2.9, 2],
						"3.6667": [-4.5, 1.2, 4.7],
						"3.7667": [-5.2, -0.3, 4.7],
						"3.9": [-5.7, -5.4, 4.7],
						"4.0": [-5.7, -10.8, 4.7]
					},
					"scale": {
						"4.0": [1, 1, 1],
						"4.0667": [0, 0, 0]
					}
				},
				"b": {
					"rotation": {
						"0.0": [0, 0, 0],
						"2.1667": [0, 0, 0],
						"3.1333": [-5.00683, 2.98857, -0.2617]
					},
					"position": {
						"0.0": [0, 0, 0],
						"2.1667": [0, 0, 0],
						"2.2667": [0, -1.5, 0],
						"2.3333": [0, -1.5, 0],
						"2.4333": [0, -2.6, 0],
						"2.5667": [0, -2.6, 0],
						"2.6667": [0, -3.5, 0],
						"2.9667": [0, -3.5, 0],
						"3.1333": [-0.1, -3.3, -0.5]
					}
				},
				"bolt": {
					"rotation": [0, 0, 0],
					"position": {
						"0.0": [0, 0, 0],
						"0.5": [0, 0, 0],
						"0.5667": [0, 0, 5.4],
						"3.2667": [0, 0, 5.4],
						"3.3667": [0, 0, 5.6],
						"3.5": [0, 0, 5.6],
						"3.5667": [0, 0, 0]
					}
				},
				"b1": {
					"rotation": {
						"0.0": [0, 0, 0],
						"0.5333": [0, 0, 0],
						"0.5667": [0, 0, 0],
						"0.6": [-45, 0, -100],
						"0.6667": [-150, 0, -100],
						"0.7333": [-255, 0, -100],
						"0.8": [-385, 0, -100],
						"0.8667": [-527.5, 0, -100]
					},
					"position": {
						"0.0": [-0.2, 0.7, -2.8],
						"0.5333": [-0.2, 0.7, -2.8],
						"0.5667": [-0.2, 0.7, 0],
						"0.6": [-3.1, 2.4, 0],
						"0.6667": [-8.9, 4.4, 0],
						"0.7333": [-21.6, 2.9, 0],
						"0.8": [-40.9, -8.1, 0],
						"0.8667": [-53.2, -20.4, 0]
					},
					"scale": {
						"0.8": [1, 1, 1],
						"0.9": [0, 0, 0]
					}
				},
				"b2": {
					"rotation": {
						"0.0": [0, 0, 0],
						"0.5667": [0, 0, 0],
						"0.6333": [0, 0, -48.5]
					},
					"position": {
						"0.0": [0, 0, 0],
						"0.5667": [0, 0, 0],
						"0.6": [0.2, 0.4, -0.6],
						"0.6333": [0.2, 0.4, -0.4],
						"2.2": [0.2, 0.4, -0.4],
						"2.2333": [0.2, -0.3, -0.4]
					}
				},
				"b3": {
					"position": {
						"2.2": [0, 0, 0],
						"2.2333": [0, 0, 0],
						"2.2667": [0.1, 0.2, 0]
					}
				},
				"b4": {
					"position": {
						"2.2667": [0, 0, 0],
						"2.3": [-0.2, 0, 0]
					}
				},
				"b5": {
					"position": {
						"2.3333": [0, 0, 0],
						"2.3667": [0.1, -0.1, 0]
					}
				},
				"b6": {
					"position": {
						"2.3667": [0, 0, 0],
						"2.4": [-0.1, -0.1, 0]
					}
				},
				"b7": {
					"rotation": {
						"0.0": [0, 0, 0],
						"2.4": [0, 0, 0],
						"2.4333": [-6, 0, 0],
						"2.5667": [-6, 0, 0],
						"2.6667": [-2, 0, 0],
						"3.6333": [0, 0, 0]
					},
					"position": {
						"0.0": [0, 0, 0],
						"2.4": [0, 0, 0],
						"2.4333": [0, 0.2, 0],
						"2.5667": [0, 0.2, 0],
						"3.5": [0, 0.2, 0],
						"3.5333": [0, 0.2, -2.8],
						"3.5667": [0, -0.2, -5.7],
						"3.6333": [0, 0, 0]
					},
					"scale": {
						"3.5667": [1, 1, 1],
						"3.6": [0, 0, 0]
					}
				},
				"camera": {
					"rotation": {
						"0.0": {
							"post": [0, 0, 0],
							"lerp_mode": "catmullrom"
						},
						"0.1667": {
							"post": [-0.7, 0, 0],
							"lerp_mode": "catmullrom"
						},
						"0.3333": {
							"post": [-1, 0, 0],
							"lerp_mode": "catmullrom"
						},
						"0.5": {
							"post": [-0.8, 0, 0],
							"lerp_mode": "catmullrom"
						},
						"0.5667": {
							"post": [-2, 0, 0],
							"lerp_mode": "catmullrom"
						},
						"0.6333": {
							"post": [-1.4, 0, 0],
							"lerp_mode": "catmullrom"
						},
						"0.7": {
							"post": [-1, 0, 0],
							"lerp_mode": "catmullrom"
						},
						"0.8333": {
							"post": [0.6, 0, 0],
							"lerp_mode": "catmullrom"
						},
						"0.9667": {
							"post": [4, 0, 0],
							"lerp_mode": "catmullrom"
						},
						"1.1333": {
							"post": [5.2, 0, 0],
							"lerp_mode": "catmullrom"
						},
						"1.3667": {
							"post": [3.7, 0, 0],
							"lerp_mode": "catmullrom"
						},
						"1.5333": {
							"post": [0.5, 0, 0],
							"lerp_mode": "catmullrom"
						},
						"1.6333": {
							"post": [-0.5, 0, 0],
							"lerp_mode": "catmullrom"
						},
						"1.7667": {
							"post": [-0.9, 0, 0],
							"lerp_mode": "catmullrom"
						},
						"1.9": {
							"post": [-0.4, 0, 0],
							"lerp_mode": "catmullrom"
						},
						"2.0333": {
							"post": [-0.6, 0, 0],
							"lerp_mode": "catmullrom"
						},
						"2.2333": {
							"post": [-0.3, 0, 0],
							"lerp_mode": "catmullrom"
						},
						"2.4": {
							"post": [-0.5, 0, 0],
							"lerp_mode": "catmullrom"
						},
						"2.5": {
							"post": [0, 0, 0],
							"lerp_mode": "catmullrom"
						},
						"2.6333": {
							"post": [-0.3, 0, 0],
							"lerp_mode": "catmullrom"
						},
						"2.7667": {
							"post": [-0.5, 0, 0],
							"lerp_mode": "catmullrom"
						},
						"2.9": {
							"post": [-0.7, 0, 0],
							"lerp_mode": "catmullrom"
						},
						"3.1": {
							"post": [0.7, 0, 0],
							"lerp_mode": "catmullrom"
						},
						"3.3": {
							"post": [1, 0, 0],
							"lerp_mode": "catmullrom"
						},
						"3.4333": {
							"post": [-0.2, 0, 0],
							"lerp_mode": "catmullrom"
						},
						"3.5": {
							"post": [-0.6, 0, 0],
							"lerp_mode": "catmullrom"
						},
						"3.5333": {
							"post": [0.17, 0, 0],
							"lerp_mode": "catmullrom"
						},
						"3.5667": {
							"post": [-1.2, 0, 0],
							"lerp_mode": "catmullrom"
						},
						"3.6333": {
							"post": [-0.47, 0, 0],
							"lerp_mode": "catmullrom"
						},
						"3.6667": {
							"post": [0.2, 0, 0],
							"lerp_mode": "catmullrom"
						},
						"3.8": {
							"post": [1.6, 0, 0],
							"lerp_mode": "catmullrom"
						},
						"3.9667": {
							"post": [1.4, 0, 0],
							"lerp_mode": "catmullrom"
						},
						"4.0333": {
							"post": [0.84, 0, 0],
							"lerp_mode": "catmullrom"
						},
						"4.1333": {
							"post": [-0.3, 0, 0],
							"lerp_mode": "catmullrom"
						},
						"4.2667": {
							"post": [0.1, 0, 0],
							"lerp_mode": "catmullrom"
						},
						"4.3667": {
							"post": [0.1, 0, 0],
							"lerp_mode": "catmullrom"
						},
						"4.4333": {
							"post": [-0.01, 0, 0],
							"lerp_mode": "catmullrom"
						},
						"4.5333": {
							"post": [0, 0, 0],
							"lerp_mode": "catmullrom"
						}
					}
				}
			}
		},
		"reload_tactical": {
			"animation_length": 4,
			"bones": {
				"lefthand": {
					"rotation": {
						"0.0": [94.13262, -36.74575, -130.79711],
						"0.0833": [116.43091, -20.66184, -167.98066],
						"0.2083": [132.29, -0.09, -194.39],
						"0.2917": {
							"pre": [112.76392, 12.39185, -213.05324],
							"post": [112.76392, 12.39185, -213.05324],
							"lerp_mode": "catmullrom"
						},
						"0.4167": {
							"post": [114.66578, 14.28337, -217.81027],
							"lerp_mode": "catmullrom"
						},
						"0.5": {
							"post": [114.66578, 14.28337, -217.81027],
							"lerp_mode": "catmullrom"
						},
						"0.625": {
							"post": [122.18218, 12.26801, -215.43259],
							"lerp_mode": "catmullrom"
						},
						"0.75": {
							"post": [123.18695, 17.024, -223.33045],
							"lerp_mode": "catmullrom"
						},
						"0.875": {
							"post": [116.35135, 17.10132, -221.73196],
							"lerp_mode": "catmullrom"
						},
						"1.0": [124.68391, 1.88092, -222.69095],
						"2.5": [124.68, 1.88, -222.69],
						"2.5833": [118.7363, -0.04199, -219.1814],
						"2.7083": [118.7363, -0.04199, -219.1814],
						"2.875": [123.56045, 3.31726, -225.32608],
						"2.9167": [114.65642, -7.52815, -205.05773],
						"3.0417": [114.12121, -9.18043, -201.37571],
						"3.1667": [114.12121, -9.18043, -201.37571],
						"3.3333": [108.91356, -20.62914, -174.84629],
						"3.4583": [94.13262, -36.74575, -130.79711]
					},
					"position": {
						"0.0": [7.63, -16.35, -0.07],
						"0.0833": [9, -17.26, 1.13],
						"0.1667": [8.03, -17.18, 2.44],
						"0.2917": {
							"pre": [7.18, -17.73, 6.18],
							"post": [7.18, -17.73, 6.18],
							"lerp_mode": "catmullrom"
						},
						"0.4167": {
							"post": [6.68, -18.33, 7.88],
							"lerp_mode": "catmullrom"
						},
						"0.5": {
							"post": [6.68, -18.33, 7.88],
							"lerp_mode": "catmullrom"
						},
						"0.625": {
							"post": [6.38, -18.73, 7.88],
							"lerp_mode": "catmullrom"
						},
						"0.75": {
							"post": [6.68, -18.93, 7.38],
							"lerp_mode": "catmullrom"
						},
						"0.875": {
							"post": [8.13, -18.03, 5.28],
							"lerp_mode": "catmullrom"
						},
						"1.0": [6.68, -18.93, 2.68],
						"2.5": [6.68, -18.93, 2.68],
						"2.5833": [6.68, -18.83, 2.48],
						"2.7083": [6.68, -18.83, 2.48],
						"2.875": [7.78, -20.83, 2.48],
						"2.9167": [6.68, -19.43, 3.08],
						"3.0417": [6.68, -19.33, 3.08],
						"3.1667": [6.68, -19.33, 3.08],
						"3.3333": [7.78, -20.93, 1.48],
						"3.4583": [7.63, -16.35, -0.07]
					},
					"scale": [1, 1.5, 1]
				},
				"righthand": {
					"rotation": [95.42329, 9.77853, -177.09802],
					"position": [-6.85, -16.2, 15.325],
					"scale": [1, 1.5, 1]
				},
				"constraint": {
					"rotation": [0.1, 0.1, 0.1],
					"position": [0.1, 0.1, 0.5]
				},
				"root": {
					"rotation": {
						"0.0": {
							"post": [0, 0, 0],
							"lerp_mode": "catmullrom"
						},
						"0.2083": {
							"post": [-8.07028, -0.48709, -6.98312],
							"lerp_mode": "catmullrom"
						},
						"0.2917": {
							"post": [-9.47, 0.47, -5.74],
							"lerp_mode": "catmullrom"
						},
						"0.375": {
							"post": [-9.88229, 1.41478, -1.74792],
							"lerp_mode": "catmullrom"
						},
						"0.5417": {
							"post": [-9.9804, 0.78415, 5.99324],
							"lerp_mode": "catmullrom"
						},
						"0.6667": {
							"post": [-10.13119, -0.36431, 5.18132],
							"lerp_mode": "catmullrom"
						},
						"0.7917": {
							"post": [-10.03652, -0.43123, -2.90092],
							"lerp_mode": "catmullrom"
						},
						"1.0417": {
							"post": [-17.76292, -3.15553, -10.00201],
							"lerp_mode": "catmullrom"
						},
						"1.2083": {
							"post": [-17.96095, -0.23257, -1.85855],
							"lerp_mode": "catmullrom"
						},
						"1.3333": {
							"post": [-17.95776, 0.57603, -11.08546],
							"lerp_mode": "catmullrom"
						},
						"1.4167": {
							"post": [-17.08732, 3.56699, -2.18605],
							"lerp_mode": "catmullrom"
						},
						"1.5417": {
							"post": [-11.58627, 4.47862, 0.67918],
							"lerp_mode": "catmullrom"
						},
						"1.6667": {
							"post": [-8.82, 4.65, 0.56],
							"lerp_mode": "catmullrom"
						},
						"1.8333": {
							"post": [-10.60453, 3.87164, -2.2655],
							"lerp_mode": "catmullrom"
						},
						"1.9167": {
							"post": [-11.86, 1.86, -7.25],
							"lerp_mode": "catmullrom"
						},
						"2.0833": {
							"post": [-12.27308, -2.86109, -19.23166],
							"lerp_mode": "catmullrom"
						},
						"2.2917": {
							"post": [-8.86027, -3.96553, -26.15639],
							"lerp_mode": "catmullrom"
						},
						"2.375": {
							"post": [-8.27396, -2.89558, -19.22633],
							"lerp_mode": "catmullrom"
						},
						"2.4167": {
							"post": [-5.62, 0.06, -15.3],
							"lerp_mode": "catmullrom"
						},
						"2.4583": {
							"post": [-4.03328, 2.20162, -11.67203],
							"lerp_mode": "catmullrom"
						},
						"2.5417": {
							"post": [-6.91384, -0.14614, -6.69168],
							"lerp_mode": "catmullrom"
						},
						"2.625": {
							"post": [-8.85861, -0.04882, -12.21139],
							"lerp_mode": "catmullrom"
						},
						"2.7083": {
							"post": [-8.96, 0.05, -16.92],
							"lerp_mode": "catmullrom"
						},
						"2.7917": {
							"post": [-8.55575, 0.21424, -11.52877],
							"lerp_mode": "catmullrom"
						},
						"2.875": {
							"post": [-6.4979, 0.89686, -5.56741],
							"lerp_mode": "catmullrom"
						},
						"2.9583": {
							"post": [-10.76764, 2.81054, -17.1186],
							"lerp_mode": "catmullrom"
						},
						"3.0833": {
							"post": [-13.29263, 1.16734, -9.68049],
							"lerp_mode": "catmullrom"
						},
						"3.25": {
							"post": [-7.96792, -1.44057, 6.92426],
							"lerp_mode": "catmullrom"
						},
						"3.4583": {
							"post": [1, 0.15524, 5.09999],
							"lerp_mode": "catmullrom"
						},
						"3.5833": {
							"post": [-0.1, 0, 1.35],
							"lerp_mode": "catmullrom"
						},
						"3.75": {
							"post": [-0.05, 0, -0.5],
							"lerp_mode": "catmullrom"
						},
						"3.875": {
							"post": [0, 0, 0.1],
							"lerp_mode": "catmullrom"
						},
						"4.0": {
							"post": [0, 0, 0],
							"lerp_mode": "catmullrom"
						},
						"4.0833": {
							"post": [0, 0, 0],
							"lerp_mode": "catmullrom"
						}
					},
					"position": {
						"0.0": {
							"post": [0, 0, 0],
							"lerp_mode": "catmullrom"
						},
						"0.2083": {
							"post": [0, 0.9, -1.7],
							"lerp_mode": "catmullrom"
						},
						"0.375": {
							"post": [0, 0.6, -1.4],
							"lerp_mode": "catmullrom"
						},
						"0.5417": {
							"post": [0, 0.2, -0.7],
							"lerp_mode": "catmullrom"
						},
						"0.6667": {
							"post": [0, 0.2, -0.7],
							"lerp_mode": "catmullrom"
						},
						"0.7917": {
							"post": [0, 0.2, -0.7],
							"lerp_mode": "catmullrom"
						},
						"1.0417": {
							"post": [-0.3, 1.1, -1.5],
							"lerp_mode": "catmullrom"
						},
						"1.2083": {
							"post": [-0.7, 1.1, -1.5],
							"lerp_mode": "catmullrom"
						},
						"1.3333": {
							"post": [-0.52, 1.13, -1.5],
							"lerp_mode": "catmullrom"
						},
						"1.4167": {
							"post": [-0.5, 1.1, -1.5],
							"lerp_mode": "catmullrom"
						},
						"1.5417": {
							"post": [-0.7, 0.7, -1.5],
							"lerp_mode": "catmullrom"
						},
						"1.8333": {
							"post": [-0.7, 0.7, -1.5],
							"lerp_mode": "catmullrom"
						},
						"2.0833": {
							"post": [-0.3, 0.7, -1.5],
							"lerp_mode": "catmullrom"
						},
						"2.2917": {
							"post": [-0.3, 0.4, -1.5],
							"lerp_mode": "catmullrom"
						},
						"2.375": {
							"post": [-0.3, 0.3, -1.5],
							"lerp_mode": "catmullrom"
						},
						"2.4583": {
							"post": [-0.1, 0.3, -1.5],
							"lerp_mode": "catmullrom"
						},
						"2.5417": {
							"post": [-0.14, 0.34, -1.5],
							"lerp_mode": "catmullrom"
						},
						"2.625": {
							"post": [-0.4, 0.4, -1.5],
							"lerp_mode": "catmullrom"
						},
						"2.7917": {
							"post": [-0.4, 0.5, -1.5],
							"lerp_mode": "catmullrom"
						},
						"2.875": {
							"post": [-0.4, 0.4, -1.5],
							"lerp_mode": "catmullrom"
						},
						"2.9583": {
							"post": [-0.2, 1, -1.5],
							"lerp_mode": "catmullrom"
						},
						"3.0833": {
							"post": [0, 1, -1.5],
							"lerp_mode": "catmullrom"
						},
						"3.25": {
							"post": [0, 0.8, -2.2],
							"lerp_mode": "catmullrom"
						},
						"3.4583": {
							"post": [0, -0.025, -0.04375],
							"lerp_mode": "catmullrom"
						},
						"3.625": {
							"post": [0, 0, 0.025],
							"lerp_mode": "catmullrom"
						},
						"3.75": {
							"post": [0, 0, 0],
							"lerp_mode": "catmullrom"
						}
					}
				},
				"mag_and_lefthand": {
					"rotation": {
						"1.0833": [0, 0, 0],
						"1.25": [-3.25, 0, 0],
						"1.2917": [-24, 0, 0],
						"1.3333": [-24.73, -0.53, -0.76],
						"1.375": [-39.3042, -7.41335, -10.70908],
						"1.4583": [-18.29879, -3.2902, -42.26674],
						"1.875": [-30.74915, 8.37832, -61.98315],
						"1.9583": [-29.42035, 8.40954, -52.58212],
						"2.0833": [-42, 0, 0],
						"2.1667": [-33, 0, 0],
						"2.25": [-16.5, 0, 0],
						"2.375": [-16.5, 0, 0],
						"2.4583": [0, 0, 0]
					},
					"position": {
						"1.0833": [0, 0, 0],
						"1.25": [0, -0.03125, -0.08125],
						"1.2917": [0, -1.325, -0.5],
						"1.3333": [0.06, -1.51, -0.62],
						"1.375": [0.90303, -4.23487, -3.38844],
						"1.4583": [4.84453, -6.11636, -1.4807],
						"1.5417": [7.56956, -10.66502, 3.12887],
						"1.6667": [9.695, -16.32, 11.95],
						"1.8333": [9.695, -16.32, 11.95],
						"1.875": [6.36956, -15.41502, 4.07887],
						"2.125": [0, -2.75, -1.55],
						"2.1667": [0, -2.55, -1.35],
						"2.25": [0, -1.725, -0.64],
						"2.375": [0, -1.725, -0.64],
						"2.4583": [0, 0, 0]
					}
				},
				"magazine": {
					"position": {
						"0.0": [0, 0, 0],
						"0.6667": [0, 0, 0],
						"0.75": [0, -0.3, 0],
						"2.4583": [0, -0.3, 0],
						"2.75": [0, -0.4, 0],
						"2.8333": [0, -0.7, 0],
						"2.875": [0, -0.7, 0],
						"2.9583": [0, 0, 0]
					}
				},
				"b1": {
					"position": {
						"3.8333": [-0.1, 0.1, -0.3],
						"3.875": [-0.1, 0.1, -2.5],
						"3.9167": [-0.1, 0.1, -5.3],
						"4.0": [0, 0, 0]
					}
				},
				"camera": {
					"rotation": {
						"0.0": {
							"post": [0, 0, 0],
							"lerp_mode": "catmullrom"
						},
						"0.1667": {
							"post": [-0.2, 0, 0],
							"lerp_mode": "catmullrom"
						},
						"0.3333": {
							"post": [-0.7, 0, 0],
							"lerp_mode": "catmullrom"
						},
						"0.625": {
							"post": [-0.8, 0, 0],
							"lerp_mode": "catmullrom"
						},
						"0.7083": {
							"post": [-0.63, 0, 0],
							"lerp_mode": "catmullrom"
						},
						"0.8333": {
							"post": [-0.8, 0, 0],
							"lerp_mode": "catmullrom"
						},
						"0.9167": {
							"post": [-0.9, 0, 0],
							"lerp_mode": "catmullrom"
						},
						"1.1667": {
							"post": [-1.1, 0, 0],
							"lerp_mode": "catmullrom"
						},
						"1.2083": {
							"post": [-1.23, 0, 0],
							"lerp_mode": "catmullrom"
						},
						"1.2917": {
							"post": [-2, 0, 0],
							"lerp_mode": "catmullrom"
						},
						"1.4167": {
							"post": [-0.8, 0, 0],
							"lerp_mode": "catmullrom"
						},
						"1.4583": {
							"post": [0.22, 0, 0],
							"lerp_mode": "catmullrom"
						},
						"1.5417": {
							"post": [2.07, 0, 0],
							"lerp_mode": "catmullrom"
						},
						"1.6667": {
							"post": [2.6, 0, 0],
							"lerp_mode": "catmullrom"
						},
						"1.7917": {
							"post": [2.34, 0, 0],
							"lerp_mode": "catmullrom"
						},
						"1.9583": {
							"post": [1.3, 0, 0],
							"lerp_mode": "catmullrom"
						},
						"2.0417": {
							"post": [0.66, 0, 0],
							"lerp_mode": "catmullrom"
						},
						"2.1667": {
							"post": [-0.4, 0, 0],
							"lerp_mode": "catmullrom"
						},
						"2.4167": {
							"post": [-0.7, 0, 0],
							"lerp_mode": "catmullrom"
						},
						"2.4583": {
							"post": [-1.1, 0, 0],
							"lerp_mode": "catmullrom"
						},
						"2.5": {
							"post": [-0.4, 0, 0],
							"lerp_mode": "catmullrom"
						},
						"2.6667": {
							"post": [-0.6, 0, 0],
							"lerp_mode": "catmullrom"
						},
						"2.875": {
							"post": [-0.4, 0, 0],
							"lerp_mode": "catmullrom"
						},
						"2.9583": {
							"post": [-1.3, 0, 0],
							"lerp_mode": "catmullrom"
						},
						"3.0417": {
							"post": [0.3, 0, 0],
							"lerp_mode": "catmullrom"
						},
						"3.125": {
							"post": [0.44, 0, 0],
							"lerp_mode": "catmullrom"
						},
						"3.3333": {
							"post": [-0.1, 0, 0],
							"lerp_mode": "catmullrom"
						},
						"3.4583": {
							"post": [-0.2, 0, 0],
							"lerp_mode": "catmullrom"
						},
						"3.5417": {
							"post": [0.1, 0, 0],
							"lerp_mode": "catmullrom"
						},
						"3.7083": {
							"post": [0, 0, 0],
							"lerp_mode": "catmullrom"
						},
						"4.0": {
							"post": [0, 0, 0],
							"lerp_mode": "catmullrom"
						},
						"4.1667": {
							"post": [0, 0, 0],
							"lerp_mode": "catmullrom"
						}
					}
				}
			}
		},
		"reload_empty": {
			"animation_length": 4.8333,
			"bones": {
				"lefthand": {
					"rotation": {
						"0.0": [94.13262, -36.74575, -130.79711],
						"0.0833": {
							"pre": [116.43091, -20.66184, -167.98066],
							"post": [116.43091, -20.66184, -167.98066],
							"lerp_mode": "catmullrom"
						},
						"0.2917": {
							"post": [121.26578, 14.28337, -204.71027],
							"lerp_mode": "catmullrom"
						},
						"0.4167": [114.66578, 14.28337, -217.81027],
						"0.5417": [122.18218, 12.26801, -215.43259],
						"0.6667": {
							"pre": [123.18695, 17.024, -223.33045],
							"post": [123.18695, 17.024, -223.33045],
							"lerp_mode": "catmullrom"
						},
						"0.7917": {
							"post": [116.35135, 17.10132, -221.73196],
							"lerp_mode": "catmullrom"
						},
						"0.9167": [124.68391, 1.88092, -222.69095],
						"1.25": [124.68, 1.88, -222.69],
						"1.375": [104.81029, -22.13139, -212.42035],
						"1.4167": [93.10202, -18.77812, -205.13339],
						"1.5": [83.12243, -16.39845, -198.168],
						"1.625": [83.12243, -16.39845, -198.168],
						"1.7083": [124.68391, 1.88092, -222.69095],
						"2.5": [124.68, 1.88, -222.69],
						"2.5833": [118.7363, -0.04199, -219.1814],
						"2.7083": [118.7363, -0.04199, -219.1814],
						"2.875": [123.56045, 3.31726, -225.32608],
						"2.9167": [114.65642, -7.52815, -205.05773],
						"3.0417": [114.12121, -9.18043, -201.37571],
						"3.1667": [114.12121, -9.18043, -201.37571],
						"3.3333": [108.91356, -20.62914, -174.84629],
						"3.5": [85.3692, -46.34186, -160.2486],
						"3.625": [140.83534, -65.62254, -149.30251],
						"3.75": [210.61369, -67.05347, -208.27462],
						"3.8333": [210.61, -67.05, -208.27],
						"3.9167": [180.8968, -67.30629, -203.15769],
						"4.0417": [165.65752, -71.27904, -201.83363],
						"4.2083": [94.13262, -36.74575, -130.79711]
					},
					"position": {
						"0.0": [7.63, -16.35, -0.07],
						"0.0833": {
							"pre": [9, -17.26, 1.13],
							"post": [9, -17.26, 1.13],
							"lerp_mode": "catmullrom"
						},
						"0.2917": {
							"post": [6.68, -18.33, 6.28],
							"lerp_mode": "catmullrom"
						},
						"0.4167": [6.68, -18.33, 7.88],
						"0.5417": [6.38, -18.73, 7.88],
						"0.6667": {
							"pre": [6.68, -18.93, 7.38],
							"post": [6.68, -18.93, 7.38],
							"lerp_mode": "catmullrom"
						},
						"0.7917": {
							"post": [8.13, -18.03, 5.28],
							"lerp_mode": "catmullrom"
						},
						"0.9167": [6.68, -18.93, 2.68],
						"1.25": [6.68, -18.93, 2.68],
						"1.375": [6.68, -23.33, 1.18],
						"1.4167": [7.58, -23.17, -0.06],
						"1.5": [5.81, -22.84, 3.85],
						"1.625": [5.81, -22.84, 3.85],
						"1.7083": [6.68, -18.93, 2.68],
						"2.5": [6.68, -18.93, 2.68],
						"2.5833": [6.68, -18.83, 2.48],
						"2.7083": [6.68, -18.83, 2.48],
						"2.875": [7.78, -20.83, 2.48],
						"2.9167": [6.68, -19.43, 3.08],
						"3.0417": [6.68, -19.33, 3.08],
						"3.1667": [6.68, -19.33, 3.08],
						"3.3333": [7.78, -20.93, 1.48],
						"3.5": [4.12, -22.17, 7.25],
						"3.625": [3.13, -14.35, 6.33],
						"3.75": [3.13, -14.35, 7.33],
						"3.8333": [3.13, -14.35, 7.33],
						"3.9167": [0.13, -15.75, 7.33],
						"4.0417": [0.13, -17.75, 8.63],
						"4.2083": [7.63, -16.35, -0.07]
					},
					"scale": [1, 1.5, 1]
				},
				"righthand": {
					"rotation": [95.42329, 9.77853, -177.09802],
					"position": [-6.85, -16.2, 15.325],
					"scale": [1, 1.5, 1]
				},
				"constraint": {
					"rotation": [0.1, 0.1, 0.1],
					"position": [0.1, 0.1, 0.5]
				},
				"root": {
					"rotation": {
						"0.0": {
							"post": [0, 0, 0],
							"lerp_mode": "catmullrom"
						},
						"0.2083": {
							"post": [-8.07028, -0.48709, -6.98312],
							"lerp_mode": "catmullrom"
						},
						"0.2917": {
							"post": [-9.47, 0.47, -5.74],
							"lerp_mode": "catmullrom"
						},
						"0.375": {
							"post": [-9.88229, 1.41478, -1.74792],
							"lerp_mode": "catmullrom"
						},
						"0.5417": {
							"post": [-9.9804, 0.78415, 5.99324],
							"lerp_mode": "catmullrom"
						},
						"0.6667": {
							"post": [-10.13119, -0.36431, 5.18132],
							"lerp_mode": "catmullrom"
						},
						"0.7917": {
							"post": [-10.03652, -0.43123, -2.90092],
							"lerp_mode": "catmullrom"
						},
						"1.0417": {
							"post": [-17.76292, -3.15553, -10.00201],
							"lerp_mode": "catmullrom"
						},
						"1.2083": {
							"post": [-17.96095, -0.23257, -1.85855],
							"lerp_mode": "catmullrom"
						},
						"1.3333": {
							"post": [-17.95776, 0.57603, -11.08546],
							"lerp_mode": "catmullrom"
						},
						"1.4167": {
							"post": [-17.08732, 3.56699, -2.18605],
							"lerp_mode": "catmullrom"
						},
						"1.5417": {
							"post": [-11.58627, 4.47862, 0.67918],
							"lerp_mode": "catmullrom"
						},
						"1.6667": {
							"post": [-8.82, 4.65, 0.56],
							"lerp_mode": "catmullrom"
						},
						"1.8333": {
							"post": [-10.60453, 3.87164, -2.2655],
							"lerp_mode": "catmullrom"
						},
						"1.9167": {
							"post": [-11.86, 1.86, -7.25],
							"lerp_mode": "catmullrom"
						},
						"2.0833": {
							"post": [-12.27308, -2.86109, -19.23166],
							"lerp_mode": "catmullrom"
						},
						"2.2917": {
							"post": [-8.86027, -3.96553, -26.15639],
							"lerp_mode": "catmullrom"
						},
						"2.375": {
							"post": [-8.27396, -2.89558, -19.22633],
							"lerp_mode": "catmullrom"
						},
						"2.4167": {
							"post": [-5.62, 0.06, -15.3],
							"lerp_mode": "catmullrom"
						},
						"2.4583": {
							"post": [-4.03328, 2.20162, -11.67203],
							"lerp_mode": "catmullrom"
						},
						"2.5417": {
							"post": [-6.91384, -0.14614, -6.69168],
							"lerp_mode": "catmullrom"
						},
						"2.625": {
							"post": [-8.85861, -0.04882, -12.21139],
							"lerp_mode": "catmullrom"
						},
						"2.7083": {
							"post": [-8.96, 0.05, -16.92],
							"lerp_mode": "catmullrom"
						},
						"2.7917": {
							"post": [-8.55575, 0.21424, -11.52877],
							"lerp_mode": "catmullrom"
						},
						"2.875": {
							"post": [-6.4979, 0.89686, -5.56741],
							"lerp_mode": "catmullrom"
						},
						"2.9583": {
							"post": [-10.76764, 2.81054, -17.1186],
							"lerp_mode": "catmullrom"
						},
						"3.0833": {
							"post": [-13.29263, 1.16734, -9.68049],
							"lerp_mode": "catmullrom"
						},
						"3.25": {
							"post": [-7.96792, -1.44057, 1.22426],
							"lerp_mode": "catmullrom"
						},
						"3.4583": {
							"post": [2.7323, -1.42208, -9.07822],
							"lerp_mode": "catmullrom"
						},
						"3.625": {
							"post": [1.37693, -0.57536, -24.99194],
							"lerp_mode": "catmullrom"
						},
						"3.75": {
							"post": [-4.81, -0.97, -31.71],
							"lerp_mode": "catmullrom"
						},
						"3.8333": {
							"post": [-8.44066, -0.99814, -25.77516],
							"lerp_mode": "catmullrom"
						},
						"3.9167": {
							"post": [-8.49482, 1.31868, -7.32101],
							"lerp_mode": "catmullrom"
						},
						"3.9583": {
							"post": [-7.34, -4.12, -9.14],
							"lerp_mode": "catmullrom"
						},
						"4.0": {
							"post": [-4.10806, -2.13972, -3.866],
							"lerp_mode": "catmullrom"
						},
						"4.1667": {
							"post": [12.5036, -1.33805, -0.60244],
							"lerp_mode": "catmullrom"
						},
						"4.25": {
							"post": [8.62, 0.61, 2.56],
							"lerp_mode": "catmullrom"
						},
						"4.3333": {
							"post": [0.67382, 1.11884, 2.43852],
							"lerp_mode": "catmullrom"
						},
						"4.4167": {
							"post": [-1, 0.5, -1.31],
							"lerp_mode": "catmullrom"
						},
						"4.5": {
							"post": [-0.1, 0, -1.1],
							"lerp_mode": "catmullrom"
						},
						"4.625": {
							"post": [0, 0, 0],
							"lerp_mode": "catmullrom"
						},
						"4.75": {
							"post": [0, 0, 0],
							"lerp_mode": "catmullrom"
						}
					},
					"position": {
						"0.0": {
							"post": [0, 0, 0],
							"lerp_mode": "catmullrom"
						},
						"0.2083": {
							"post": [0, 0.9, -1.7],
							"lerp_mode": "catmullrom"
						},
						"0.375": {
							"post": [0, 0.6, -1.4],
							"lerp_mode": "catmullrom"
						},
						"0.5417": {
							"post": [0, 0.2, -0.7],
							"lerp_mode": "catmullrom"
						},
						"0.6667": {
							"post": [0, 0.2, -0.7],
							"lerp_mode": "catmullrom"
						},
						"0.7917": {
							"post": [0, 0.2, -0.7],
							"lerp_mode": "catmullrom"
						},
						"1.0417": {
							"post": [-0.3, 1.1, -1.5],
							"lerp_mode": "catmullrom"
						},
						"1.2083": {
							"post": [-0.7, 1.1, -1.5],
							"lerp_mode": "catmullrom"
						},
						"1.3333": {
							"post": [-0.52, 1.13, -1.5],
							"lerp_mode": "catmullrom"
						},
						"1.4167": {
							"post": [-0.5, 1.1, -1.5],
							"lerp_mode": "catmullrom"
						},
						"1.5417": {
							"post": [-0.7, 0.7, -1.5],
							"lerp_mode": "catmullrom"
						},
						"1.8333": {
							"post": [-0.7, 0.7, -1.5],
							"lerp_mode": "catmullrom"
						},
						"2.0833": {
							"post": [-0.3, 0.7, -1.5],
							"lerp_mode": "catmullrom"
						},
						"2.2917": {
							"post": [-0.3, 0.4, -1.5],
							"lerp_mode": "catmullrom"
						},
						"2.375": {
							"post": [-0.3, 0.3, -1.5],
							"lerp_mode": "catmullrom"
						},
						"2.4583": {
							"post": [-0.1, 0.3, -1.5],
							"lerp_mode": "catmullrom"
						},
						"2.5417": {
							"post": [-0.14, 0.34, -1.5],
							"lerp_mode": "catmullrom"
						},
						"2.625": {
							"post": [-0.4, 0.4, -1.5],
							"lerp_mode": "catmullrom"
						},
						"2.7917": {
							"post": [-0.4, 0.5, -1.5],
							"lerp_mode": "catmullrom"
						},
						"2.875": {
							"post": [-0.4, 0.4, -1.5],
							"lerp_mode": "catmullrom"
						},
						"2.9583": {
							"post": [-0.2, 1, -1.5],
							"lerp_mode": "catmullrom"
						},
						"3.0833": {
							"post": [0, 1, -1.5],
							"lerp_mode": "catmullrom"
						},
						"3.25": {
							"post": [0, 0.8, -2.2],
							"lerp_mode": "catmullrom"
						},
						"3.4583": {
							"post": [0, -0.5, -2.2],
							"lerp_mode": "catmullrom"
						},
						"3.625": {
							"post": [0, -0.5, -2.1],
							"lerp_mode": "catmullrom"
						},
						"3.7083": {
							"post": [-0.02, -0.61, -1.83],
							"lerp_mode": "catmullrom"
						},
						"3.8333": {
							"post": [0, -0.8, 1],
							"lerp_mode": "catmullrom"
						},
						"3.9167": {
							"post": [0.4, -0.8, -2.9],
							"lerp_mode": "catmullrom"
						},
						"4.0": {
							"post": [-0.6, -0.8, -4],
							"lerp_mode": "catmullrom"
						},
						"4.1667": {
							"post": [-0.21, -0.93, -1.21],
							"lerp_mode": "catmullrom"
						},
						"4.2917": {
							"post": [0, -0.275, 0.5],
							"lerp_mode": "catmullrom"
						},
						"4.375": {
							"post": [0, -0.075, -0.2],
							"lerp_mode": "catmullrom"
						},
						"4.4583": {
							"post": [0, 0, 0],
							"lerp_mode": "catmullrom"
						},
						"4.5": {
							"post": [0, 0, 0],
							"lerp_mode": "catmullrom"
						}
					}
				},
				"mag_and_lefthand": {
					"rotation": {
						"1.0833": [0, 0, 0],
						"1.25": [-3.25, 0, 0],
						"1.2917": [-24, 0, 0],
						"1.3333": [-24.73, -0.53, -0.76],
						"1.375": [-39.3042, -7.41335, -10.70908],
						"1.4583": [-18.29879, -3.2902, -42.26674],
						"1.875": [-30.74915, 8.37832, -61.98315],
						"1.9583": [-29.42035, 8.40954, -52.58212],
						"2.0833": [-42, 0, 0],
						"2.1667": [-33, 0, 0],
						"2.25": [-16.5, 0, 0],
						"2.375": [-16.5, 0, 0],
						"2.4583": [0, 0, 0]
					},
					"position": {
						"1.0833": [0, 0, 0],
						"1.25": [0, -0.03125, -0.08125],
						"1.2917": [0, -1.325, -0.5],
						"1.3333": [0.06, -1.51, -0.62],
						"1.375": [0.90303, -4.23487, -3.38844],
						"1.4583": [4.84453, -6.11636, -1.4807],
						"1.5417": [7.56956, -10.66502, 3.12887],
						"1.6667": [9.695, -16.32, 11.95],
						"1.8333": [9.695, -16.32, 11.95],
						"1.875": [6.36956, -15.41502, 4.07887],
						"2.125": [0, -2.75, -1.55],
						"2.1667": [0, -2.55, -1.35],
						"2.25": [0, -1.725, -0.64],
						"2.375": [0, -1.725, -0.64],
						"2.4583": [0, 0, 0]
					}
				},
				"magazine": {
					"rotation": {
						"0.0": [0, 0, 0],
						"1.25": [0, 0, 0],
						"1.375": [-4.43745, -2.30644, -27.41063],
						"1.4583": [-36.16883, -8.98604, -12.06023],
						"1.5833": [-59.57658, -32.56993, -80.52426],
						"1.8333": [0, 0, 0],
						"2.4583": [0, 0, 0]
					},
					"position": {
						"0.0": [0, 0, 0],
						"0.6667": [0, 0, 0],
						"0.75": [0, -0.3, 0],
						"1.375": [-1.7, -5.1, -2],
						"1.4583": [-10, -7.07, -8.85],
						"1.5833": [-20.75, -17.22, -11.74],
						"1.8333": [0, -0.3, 0],
						"2.4583": [0, -0.3, 0],
						"2.75": [0, -0.4, 0],
						"2.8333": [0, -0.7, 0],
						"2.875": [0, -0.7, 0],
						"2.9583": [0, 0, 0]
					},
					"scale": {
						"1.5833": [1, 1, 1],
						"1.6667": [0, 0, 0],
						"1.7917": [0, 0, 0],
						"1.8333": [1, 1, 1],
						"2.4583": [1, 1, 1]
					}
				},
				"b1": {
					"position": {
						"0.0": [0, 0, 0],
						"2.4583": [0, 0, 0],
						"2.5": [-0.1, 0.1, -0.3],
						"3.8333": [-0.1, 0.1, -0.3],
						"3.875": [-0.1, 0.1, -2.5],
						"3.9167": [-0.1, 0.1, -5.3],
						"4.0": [0, 0, 0]
					},
					"scale": {
						"0.0": [0, 0, 0],
						"1.5833": [0, 0, 0],
						"1.625": [1, 1, 1]
					}
				},
				"b2": {
					"scale": {
						"0.0": [0, 0, 0],
						"1.5833": [0, 0, 0],
						"1.625": [1, 1, 1]
					}
				},
				"bolt": {
					"position": {
						"0.0": [0, 0, 5.2],
						"3.7083": [0, 0, 5.2],
						"3.8333": [0, 0, 5.7],
						"3.9167": [0, 0, 0.1],
						"4.0": [0, 0, 0.6],
						"4.0833": [0, 0, 0.1],
						"4.125": [0, 0, 0.2],
						"4.1667": [0, 0, 0.1],
						"4.2083": [0, 0, 0]
					}
				},
				"camera": {
					"rotation": {
						"0.0": {
							"post": [0, 0, 0],
							"lerp_mode": "catmullrom"
						},
						"0.1667": {
							"post": [-0.2, 0, 0],
							"lerp_mode": "catmullrom"
						},
						"0.3333": {
							"post": [-0.7, 0, 0],
							"lerp_mode": "catmullrom"
						},
						"0.625": {
							"post": [-0.8, 0, 0],
							"lerp_mode": "catmullrom"
						},
						"0.7083": {
							"post": [-0.63, 0, 0],
							"lerp_mode": "catmullrom"
						},
						"0.8333": {
							"post": [-0.8, 0, 0],
							"lerp_mode": "catmullrom"
						},
						"0.9167": {
							"post": [-0.9, 0, 0],
							"lerp_mode": "catmullrom"
						},
						"1.1667": {
							"post": [-1.1, 0, 0],
							"lerp_mode": "catmullrom"
						},
						"1.2083": {
							"post": [-1.23, 0, 0],
							"lerp_mode": "catmullrom"
						},
						"1.2917": {
							"post": [-2, 0, 0],
							"lerp_mode": "catmullrom"
						},
						"1.4167": {
							"post": [-0.8, 0, 0],
							"lerp_mode": "catmullrom"
						},
						"1.4583": {
							"post": [0.22, 0, 0],
							"lerp_mode": "catmullrom"
						},
						"1.5417": {
							"post": [2.07, 0, 0],
							"lerp_mode": "catmullrom"
						},
						"1.6667": {
							"post": [2.6, 0, 0],
							"lerp_mode": "catmullrom"
						},
						"1.7917": {
							"post": [2.34, 0, 0],
							"lerp_mode": "catmullrom"
						},
						"1.9583": {
							"post": [1.3, 0, 0],
							"lerp_mode": "catmullrom"
						},
						"2.0417": {
							"post": [0.66, 0, 0],
							"lerp_mode": "catmullrom"
						},
						"2.1667": {
							"post": [-0.4, 0, 0],
							"lerp_mode": "catmullrom"
						},
						"2.4167": {
							"post": [-0.7, 0, 0],
							"lerp_mode": "catmullrom"
						},
						"2.4583": {
							"post": [-1.1, 0, 0],
							"lerp_mode": "catmullrom"
						},
						"2.5": {
							"post": [-0.4, 0, 0],
							"lerp_mode": "catmullrom"
						},
						"2.6667": {
							"post": [-0.6, 0, 0],
							"lerp_mode": "catmullrom"
						},
						"2.875": {
							"post": [-0.4, 0, 0],
							"lerp_mode": "catmullrom"
						},
						"2.9583": {
							"post": [-1.3, 0, 0],
							"lerp_mode": "catmullrom"
						},
						"3.0417": {
							"post": [0.3, 0, 0],
							"lerp_mode": "catmullrom"
						},
						"3.125": {
							"post": [0.44, 0, 0],
							"lerp_mode": "catmullrom"
						},
						"3.25": {
							"post": [0.1, 0, 0],
							"lerp_mode": "catmullrom"
						},
						"3.5": {
							"post": [0.4, 0, 0],
							"lerp_mode": "catmullrom"
						},
						"3.6667": {
							"post": [0.3, 0, 0],
							"lerp_mode": "catmullrom"
						},
						"3.7917": {
							"post": [-0.2, 0, 0],
							"lerp_mode": "catmullrom"
						},
						"3.875": {
							"post": [0.5, 0, 0],
							"lerp_mode": "catmullrom"
						},
						"3.9167": {
							"post": [-0.6, 0, 0],
							"lerp_mode": "catmullrom"
						},
						"4.0417": {
							"post": [0.1, 0, 0],
							"lerp_mode": "catmullrom"
						},
						"4.25": {
							"post": [0.4, 0, 0],
							"lerp_mode": "catmullrom"
						},
						"4.4167": {
							"post": [-0.3, 0, 0],
							"lerp_mode": "catmullrom"
						},
						"4.5417": {
							"post": [0.1, 0, 0],
							"lerp_mode": "catmullrom"
						},
						"4.7083": {
							"post": [0, 0, 0],
							"lerp_mode": "catmullrom"
						},
						"4.8333": {
							"post": [0, 0, 0],
							"lerp_mode": "catmullrom"
						}
					}
				}
			}
		},
		"inspect": {
			"animation_length": 6.5,
			"bones": {
				"lefthand": {
					"rotation": {
						"0.0": [94.13262, -36.74575, -130.79711],
						"0.1667": [99.43994, -21.2463, -136.59521],
						"0.2917": [99.11167, -26.93854, -125.24504],
						"2.625": [99.11167, -26.93854, -125.24504],
						"2.7917": [89.06532, -66.85496, -125.88888],
						"5.0833": [89.07, -66.85, -125.89],
						"5.3333": [94.13262, -36.74575, -130.79711]
					},
					"position": {
						"0.0": [7.63, -16.35, -0.07],
						"0.1667": [7.93, -16.05, -1.97],
						"0.2917": [7.93, -16.05, -3.17],
						"2.625": [7.93, -16.05, -3.17],
						"2.7917": [7.63, -15.5375, -2.195],
						"5.0833": [7.63, -15.54, -2.19],
						"5.3333": [7.63, -16.35, -0.07]
					},
					"scale": {
						"0.0": [1, 1.5, 1],
						"2.7917": [1, 1.5, 1]
					}
				},
				"righthand": {
					"rotation": {
						"0.0": [95.42329, 9.77853, -177.09802],
						"2.5417": [95.42, 9.78, -177.1],
						"2.9583": [122.64393, -38.12034, -224.86048],
						"5.0833": [122.64, -38.12, -224.86],
						"5.4167": [95.42329, 9.77853, -177.09802]
					},
					"position": {
						"0.0": [-6.85, -16.2, 15.325],
						"2.5417": [-6.85, -16.2, 15.33],
						"2.9583": [-6.85, -16.8875, 32.205],
						"5.0833": [-6.85, -16.89, 32.21],
						"5.4167": [-6.85, -16.2, 15.325]
					},
					"scale": [1, 1.5, 1]
				},
				"constraint": {
					"rotation": [0.1, 0.1, 0.1],
					"position": [0.1, 0.1, 0.5]
				},
				"bolt": {
					"position": [0, 0, 0]
				},
				"root": {
					"rotation": {
						"0.0": {
							"post": [0, 0, 0],
							"lerp_mode": "catmullrom"
						},
						"0.2083": {
							"post": [0.89256, -0.08103, 12.08445],
							"lerp_mode": "catmullrom"
						},
						"0.4583": {
							"post": [-4.12948, -1.56664, 1.17859],
							"lerp_mode": "catmullrom"
						},
						"0.7083": {
							"post": [-4.4449, -2.87556, -0.90336],
							"lerp_mode": "catmullrom"
						},
						"0.9167": {
							"post": [-3.71, -2.09, -1.34],
							"lerp_mode": "catmullrom"
						},
						"1.0417": {
							"post": [-5.28908, -1.63841, 3.74328],
							"lerp_mode": "catmullrom"
						},
						"1.2083": {
							"post": [-10.00639, 4.42456, 31.48276],
							"lerp_mode": "catmullrom"
						},
						"1.3333": {
							"post": [-7.6148, 5.59295, 47.13156],
							"lerp_mode": "catmullrom"
						},
						"1.5417": {
							"post": [-6.9953, 3.62986, 55.47395],
							"lerp_mode": "catmullrom"
						},
						"1.6667": {
							"post": [-6.95, 1.96, 57.47],
							"lerp_mode": "catmullrom"
						},
						"1.75": {
							"post": [-6.96614, 1.1045, 58.03828],
							"lerp_mode": "catmullrom"
						},
						"1.9583": {
							"post": [-7.02, 1.24, 58.3],
							"lerp_mode": "catmullrom"
						},
						"2.2083": {
							"post": [-6.96614, 1.1045, 58.03828],
							"lerp_mode": "catmullrom"
						},
						"2.2917": {
							"post": [-6.02, -2.37, 54.14],
							"lerp_mode": "catmullrom"
						},
						"2.4167": {
							"post": [-4.9393, -12.79966, 43.1917],
							"lerp_mode": "catmullrom"
						},
						"2.75": {
							"post": [-8.80886, -49.32595, 8.04506],
							"lerp_mode": "catmullrom"
						},
						"3.0": {
							"post": [-5.8, -59.31105, 8.22822],
							"lerp_mode": "catmullrom"
						},
						"3.1667": {
							"post": [-5.8, -59.95376, 9.93143],
							"lerp_mode": "catmullrom"
						},
						"3.4583": {
							"post": [-5.8, -58.7, 12.3875],
							"lerp_mode": "catmullrom"
						},
						"3.7083": {
							"post": [-5.5429, -60.19464, 16.07883],
							"lerp_mode": "catmullrom"
						},
						"4.2083": {
							"post": [-8.06582, -62.71224, 23.8226],
							"lerp_mode": "catmullrom"
						},
						"4.6667": {
							"post": [-8.06582, -62.71224, 23.8226],
							"lerp_mode": "catmullrom"
						},
						"5.0": {
							"post": [-11.14568, -55.71276, 13.20074],
							"lerp_mode": "catmullrom"
						},
						"5.3333": {
							"post": [-16.82322, -28.01824, -13.68501],
							"lerp_mode": "catmullrom"
						},
						"5.5833": {
							"post": [-6.49546, -30.49608, -8.58429],
							"lerp_mode": "catmullrom"
						},
						"5.7917": {
							"post": [-0.55094, -16.86162, 3.54404],
							"lerp_mode": "catmullrom"
						},
						"6.0": {
							"post": [-3.22889, 2.17111, -7.13988],
							"lerp_mode": "catmullrom"
						},
						"6.125": {
							"post": [-1.875, 0.4375, -0.1875],
							"lerp_mode": "catmullrom"
						},
						"6.2083": {
							"post": [-0.43, 0.3325, 3.96],
							"lerp_mode": "catmullrom"
						},
						"6.3333": {
							"post": [0, 0.4375, -0.1875],
							"lerp_mode": "catmullrom"
						},
						"6.5": {
							"post": [0, 0, -0.1875],
							"lerp_mode": "catmullrom"
						},
						"6.6667": {
							"post": [0, 0, 0],
							"lerp_mode": "catmullrom"
						}
					},
					"position": {
						"0.0": {
							"post": [0, 0, 0],
							"lerp_mode": "catmullrom"
						},
						"0.2083": {
							"post": [0.375, -0.8125, 0],
							"lerp_mode": "catmullrom"
						},
						"0.4583": {
							"post": [0.245, -0.59, 0],
							"lerp_mode": "catmullrom"
						},
						"0.7083": {
							"post": [0.1475, -0.59, 0],
							"lerp_mode": "catmullrom"
						},
						"0.9167": {
							"post": [0.17, -0.56, 0],
							"lerp_mode": "catmullrom"
						},
						"1.0417": {
							"post": [0.245, -0.5275, 0],
							"lerp_mode": "catmullrom"
						},
						"1.2083": {
							"post": [1.06, -1.1075, 0],
							"lerp_mode": "catmullrom"
						},
						"1.3333": {
							"post": [0.88, -0.81, 0],
							"lerp_mode": "catmullrom"
						},
						"1.5417": {
							"post": [0.88, -0.81, 0],
							"lerp_mode": "catmullrom"
						},
						"1.75": {
							"post": [0.9, -0.8425, 0],
							"lerp_mode": "catmullrom"
						},
						"2.0": {
							"post": [0.9575, -0.8375, 0],
							"lerp_mode": "catmullrom"
						},
						"2.2083": {
							"post": [0.9, -0.5925, 0],
							"lerp_mode": "catmullrom"
						},
						"2.4167": {
							"post": [0.9425, 0.0025, 0],
							"lerp_mode": "catmullrom"
						},
						"2.75": {
							"post": [4.005, -0.75, -4.5625],
							"lerp_mode": "catmullrom"
						},
						"3.0": {
							"post": [5.255, -1.375, -5.6225],
							"lerp_mode": "catmullrom"
						},
						"3.1667": {
							"post": [5.6575, -1.125, -5.78],
							"lerp_mode": "catmullrom"
						},
						"3.375": {
							"post": [5.6875, -0.76, -5.83],
							"lerp_mode": "catmullrom"
						},
						"3.4583": {
							"post": [5.69, -0.76, -5.85],
							"lerp_mode": "catmullrom"
						},
						"3.7083": {
							"post": [6.19, -0.76, -5.88],
							"lerp_mode": "catmullrom"
						},
						"4.2083": {
							"post": [7.56, -1.135, -6.01],
							"lerp_mode": "catmullrom"
						},
						"4.6667": {
							"post": [7.56, -1.135, -6.01],
							"lerp_mode": "catmullrom"
						},
						"5.0": {
							"post": [4.2525, -0.76, -5.1625],
							"lerp_mode": "catmullrom"
						},
						"5.3333": {
							"post": [4.23784, -0.8627, -2.87038],
							"lerp_mode": "catmullrom"
						},
						"5.5833": {
							"post": [4.59926, -1.44482, -3.43268],
							"lerp_mode": "catmullrom"
						},
						"5.7917": {
							"post": [3.85395, -0.11236, -5.21372],
							"lerp_mode": "catmullrom"
						},
						"6.0": {
							"post": [-0.02, -0.3125, -0.195],
							"lerp_mode": "catmullrom"
						},
						"6.125": {
							"post": [0, -0.125, 0],
							"lerp_mode": "catmullrom"
						},
						"6.3333": {
							"post": [0, 0, 0],
							"lerp_mode": "catmullrom"
						},
						"6.4583": {
							"post": [0, 0, 0],
							"lerp_mode": "catmullrom"
						}
					}
				},
				"camera": {
					"rotation": {
						"0.0": {
							"post": [0, 0, 0],
							"lerp_mode": "catmullrom"
						},
						"0.2917": {
							"post": [0.3125, 0, 0],
							"lerp_mode": "catmullrom"
						},
						"0.625": {
							"post": [-1.065, 0, 0],
							"lerp_mode": "catmullrom"
						},
						"0.9167": {
							"post": [-1.125, 0, 0],
							"lerp_mode": "catmullrom"
						},
						"1.1667": {
							"post": [-0.4325, 0, 0],
							"lerp_mode": "catmullrom"
						},
						"1.4583": {
							"post": [1.7575, 0, 0],
							"lerp_mode": "catmullrom"
						},
						"1.625": {
							"post": [3.32, 0, 0],
							"lerp_mode": "catmullrom"
						},
						"1.875": {
							"post": [3.5725, 0, 0],
							"lerp_mode": "catmullrom"
						},
						"2.25": {
							"post": [2.4525, 0, 0],
							"lerp_mode": "catmullrom"
						},
						"2.4583": {
							"post": [0.6375, 0, 0],
							"lerp_mode": "catmullrom"
						},
						"2.6667": {
							"post": [-0.2975, 0, 0],
							"lerp_mode": "catmullrom"
						},
						"2.9583": {
							"post": [-0.6125, 0.0625, 0],
							"lerp_mode": "catmullrom"
						},
						"3.25": {
							"post": [-0.5475, 0.6875, 0],
							"lerp_mode": "catmullrom"
						},
						"3.6667": {
							"post": [-0.425, 4.8125, 0],
							"lerp_mode": "catmullrom"
						},
						"3.9167": {
							"post": [-0.49, 12.615, 0],
							"lerp_mode": "catmullrom"
						},
						"4.125": {
							"post": [-0.545, 19, 0],
							"lerp_mode": "catmullrom"
						},
						"4.5417": {
							"post": [-0.55, 19.185, 0],
							"lerp_mode": "catmullrom"
						},
						"4.875": {
							"post": [-0.54, 14.095, 0],
							"lerp_mode": "catmullrom"
						},
						"5.0833": {
							"post": [-0.54, -2.8675, 0],
							"lerp_mode": "catmullrom"
						},
						"5.2917": {
							"post": [-0.55, -4.3125, 0],
							"lerp_mode": "catmullrom"
						},
						"5.4167": {
							"post": [-0.73, -2.075, 0],
							"lerp_mode": "catmullrom"
						},
						"5.5833": {
							"post": [-0.8625, -0.5, 0],
							"lerp_mode": "catmullrom"
						},
						"5.8333": {
							"post": [-0.245, 0.75, 0.1875],
							"lerp_mode": "catmullrom"
						},
						"5.9167": {
							"post": [-0.33, 0.88, 0.0775],
							"lerp_mode": "catmullrom"
						},
						"6.0": {
							"post": [-0.37, 0.97, -0.3775],
							"lerp_mode": "catmullrom"
						},
						"6.0833": {
							"post": [-0.365, 0.9375, 0.375],
							"lerp_mode": "catmullrom"
						},
						"6.1667": {
							"post": [-0.22, 0.53, -0.0225],
							"lerp_mode": "catmullrom"
						},
						"6.2917": {
							"post": [0.015, -0.125, 0.0625],
							"lerp_mode": "catmullrom"
						},
						"6.4167": {
							"post": [0.03, -0.005, 0],
							"lerp_mode": "catmullrom"
						},
						"6.5417": {
							"post": [0, 0, 0],
							"lerp_mode": "catmullrom"
						}
					}
				}
			}
		},
		"inspect_empty": {
			"animation_length": 6.5,
			"bones": {
				"lefthand": {
					"rotation": {
						"0.0": [94.13262, -36.74575, -130.79711],
						"0.1667": [99.43994, -21.2463, -136.59521],
						"0.2917": [99.11167, -26.93854, -125.24504],
						"2.625": [99.11167, -26.93854, -125.24504],
						"2.7917": [89.06532, -66.85496, -125.88888],
						"5.0833": [89.07, -66.85, -125.89],
						"5.3333": [94.13262, -36.74575, -130.79711]
					},
					"position": {
						"0.0": [7.63, -16.35, -0.07],
						"0.1667": [7.93, -16.05, -1.97],
						"0.2917": [7.93, -16.05, -3.17],
						"2.625": [7.93, -16.05, -3.17],
						"2.7917": [7.63, -15.5375, -2.195],
						"5.0833": [7.63, -15.54, -2.19],
						"5.3333": [7.63, -16.35, -0.07]
					},
					"scale": {
						"0.0": [1, 1.5, 1],
						"2.7917": [1, 1.5, 1]
					}
				},
				"righthand": {
					"rotation": {
						"0.0": [95.42329, 9.77853, -177.09802],
						"2.5417": [95.42, 9.78, -177.1],
						"2.9583": [122.64393, -38.12034, -224.86048],
						"5.0833": [122.64, -38.12, -224.86],
						"5.4167": [95.42329, 9.77853, -177.09802]
					},
					"position": {
						"0.0": [-6.85, -16.2, 15.325],
						"2.5417": [-6.85, -16.2, 15.33],
						"2.9583": [-6.85, -16.8875, 32.205],
						"5.0833": [-6.85, -16.89, 32.21],
						"5.4167": [-6.85, -16.2, 15.325]
					},
					"scale": [1, 1.5, 1]
				},
				"constraint": {
					"rotation": [0.1, 0.1, 0.1],
					"position": [0.1, 0.1, 0.5]
				},
				"bolt": {
					"position": [0, 0, 5.2]
				},
				"root": {
					"rotation": {
						"0.0": {
							"post": [0, 0, 0],
							"lerp_mode": "catmullrom"
						},
						"0.2083": {
							"post": [0.89256, -0.08103, 12.08445],
							"lerp_mode": "catmullrom"
						},
						"0.4583": {
							"post": [-4.12948, -1.56664, 1.17859],
							"lerp_mode": "catmullrom"
						},
						"0.7083": {
							"post": [-4.4449, -2.87556, -0.90336],
							"lerp_mode": "catmullrom"
						},
						"0.9167": {
							"post": [-3.71, -2.09, -1.34],
							"lerp_mode": "catmullrom"
						},
						"1.0417": {
							"post": [-5.28908, -1.63841, 3.74328],
							"lerp_mode": "catmullrom"
						},
						"1.2083": {
							"post": [-10.00639, 4.42456, 31.48276],
							"lerp_mode": "catmullrom"
						},
						"1.3333": {
							"post": [-7.6148, 5.59295, 47.13156],
							"lerp_mode": "catmullrom"
						},
						"1.5417": {
							"post": [-6.9953, 3.62986, 55.47395],
							"lerp_mode": "catmullrom"
						},
						"1.6667": {
							"post": [-6.95, 1.96, 57.47],
							"lerp_mode": "catmullrom"
						},
						"1.75": {
							"post": [-6.96614, 1.1045, 58.03828],
							"lerp_mode": "catmullrom"
						},
						"1.9583": {
							"post": [-7.02, 1.24, 58.3],
							"lerp_mode": "catmullrom"
						},
						"2.2083": {
							"post": [-6.96614, 1.1045, 58.03828],
							"lerp_mode": "catmullrom"
						},
						"2.2917": {
							"post": [-6.02, -2.37, 54.14],
							"lerp_mode": "catmullrom"
						},
						"2.4167": {
							"post": [-4.9393, -12.79966, 43.1917],
							"lerp_mode": "catmullrom"
						},
						"2.75": {
							"post": [-8.80886, -49.32595, 8.04506],
							"lerp_mode": "catmullrom"
						},
						"3.0": {
							"post": [-5.8, -59.31105, 8.22822],
							"lerp_mode": "catmullrom"
						},
						"3.1667": {
							"post": [-5.8, -59.95376, 9.93143],
							"lerp_mode": "catmullrom"
						},
						"3.4583": {
							"post": [-5.8, -58.7, 12.3875],
							"lerp_mode": "catmullrom"
						},
						"3.7083": {
							"post": [-5.5429, -60.19464, 16.07883],
							"lerp_mode": "catmullrom"
						},
						"4.2083": {
							"post": [-8.06582, -62.71224, 23.8226],
							"lerp_mode": "catmullrom"
						},
						"4.6667": {
							"post": [-8.06582, -62.71224, 23.8226],
							"lerp_mode": "catmullrom"
						},
						"5.0": {
							"post": [-11.14568, -55.71276, 13.20074],
							"lerp_mode": "catmullrom"
						},
						"5.3333": {
							"post": [-16.82322, -28.01824, -13.68501],
							"lerp_mode": "catmullrom"
						},
						"5.5833": {
							"post": [-6.49546, -30.49608, -8.58429],
							"lerp_mode": "catmullrom"
						},
						"5.7917": {
							"post": [-0.55094, -16.86162, 3.54404],
							"lerp_mode": "catmullrom"
						},
						"6.0": {
							"post": [-3.22889, 2.17111, -7.13988],
							"lerp_mode": "catmullrom"
						},
						"6.125": {
							"post": [-1.875, 0.4375, -0.1875],
							"lerp_mode": "catmullrom"
						},
						"6.2083": {
							"post": [-0.43, 0.3325, 3.96],
							"lerp_mode": "catmullrom"
						},
						"6.3333": {
							"post": [0, 0.4375, -0.1875],
							"lerp_mode": "catmullrom"
						},
						"6.5": {
							"post": [0, 0, -0.1875],
							"lerp_mode": "catmullrom"
						},
						"6.6667": {
							"post": [0, 0, 0],
							"lerp_mode": "catmullrom"
						}
					},
					"position": {
						"0.0": {
							"post": [0, 0, 0],
							"lerp_mode": "catmullrom"
						},
						"0.2083": {
							"post": [0.375, -0.8125, 0],
							"lerp_mode": "catmullrom"
						},
						"0.4583": {
							"post": [0.245, -0.59, 0],
							"lerp_mode": "catmullrom"
						},
						"0.7083": {
							"post": [0.1475, -0.59, 0],
							"lerp_mode": "catmullrom"
						},
						"0.9167": {
							"post": [0.17, -0.56, 0],
							"lerp_mode": "catmullrom"
						},
						"1.0417": {
							"post": [0.245, -0.5275, 0],
							"lerp_mode": "catmullrom"
						},
						"1.2083": {
							"post": [1.06, -1.1075, 0],
							"lerp_mode": "catmullrom"
						},
						"1.3333": {
							"post": [0.88, -0.81, 0],
							"lerp_mode": "catmullrom"
						},
						"1.5417": {
							"post": [0.88, -0.81, 0],
							"lerp_mode": "catmullrom"
						},
						"1.75": {
							"post": [0.9, -0.8425, 0],
							"lerp_mode": "catmullrom"
						},
						"2.0": {
							"post": [0.9575, -0.8375, 0],
							"lerp_mode": "catmullrom"
						},
						"2.2083": {
							"post": [0.9, -0.5925, 0],
							"lerp_mode": "catmullrom"
						},
						"2.4167": {
							"post": [0.9425, 0.0025, 0],
							"lerp_mode": "catmullrom"
						},
						"2.75": {
							"post": [4.005, -0.75, -4.5625],
							"lerp_mode": "catmullrom"
						},
						"3.0": {
							"post": [5.255, -1.375, -5.6225],
							"lerp_mode": "catmullrom"
						},
						"3.1667": {
							"post": [5.6575, -1.125, -5.78],
							"lerp_mode": "catmullrom"
						},
						"3.375": {
							"post": [5.6875, -0.76, -5.83],
							"lerp_mode": "catmullrom"
						},
						"3.4583": {
							"post": [5.69, -0.76, -5.85],
							"lerp_mode": "catmullrom"
						},
						"3.7083": {
							"post": [6.19, -0.76, -5.88],
							"lerp_mode": "catmullrom"
						},
						"4.2083": {
							"post": [7.56, -1.135, -6.01],
							"lerp_mode": "catmullrom"
						},
						"4.6667": {
							"post": [7.56, -1.135, -6.01],
							"lerp_mode": "catmullrom"
						},
						"5.0": {
							"post": [4.2525, -0.76, -5.1625],
							"lerp_mode": "catmullrom"
						},
						"5.3333": {
							"post": [4.23784, -0.8627, -2.87038],
							"lerp_mode": "catmullrom"
						},
						"5.5833": {
							"post": [4.59926, -1.44482, -3.43268],
							"lerp_mode": "catmullrom"
						},
						"5.7917": {
							"post": [3.85395, -0.11236, -5.21372],
							"lerp_mode": "catmullrom"
						},
						"6.0": {
							"post": [-0.02, -0.3125, -0.195],
							"lerp_mode": "catmullrom"
						},
						"6.125": {
							"post": [0, -0.125, 0],
							"lerp_mode": "catmullrom"
						},
						"6.3333": {
							"post": [0, 0, 0],
							"lerp_mode": "catmullrom"
						},
						"6.4583": {
							"post": [0, 0, 0],
							"lerp_mode": "catmullrom"
						}
					}
				},
				"camera": {
					"rotation": {
						"0.0": {
							"post": [0, 0, 0],
							"lerp_mode": "catmullrom"
						},
						"0.2917": {
							"post": [0.3125, 0, 0],
							"lerp_mode": "catmullrom"
						},
						"0.625": {
							"post": [-1.065, 0, 0],
							"lerp_mode": "catmullrom"
						},
						"0.9167": {
							"post": [-1.125, 0, 0],
							"lerp_mode": "catmullrom"
						},
						"1.1667": {
							"post": [-0.4325, 0, 0],
							"lerp_mode": "catmullrom"
						},
						"1.4583": {
							"post": [1.7575, 0, 0],
							"lerp_mode": "catmullrom"
						},
						"1.625": {
							"post": [3.32, 0, 0],
							"lerp_mode": "catmullrom"
						},
						"1.875": {
							"post": [3.5725, 0, 0],
							"lerp_mode": "catmullrom"
						},
						"2.25": {
							"post": [2.4525, 0, 0],
							"lerp_mode": "catmullrom"
						},
						"2.4583": {
							"post": [0.6375, 0, 0],
							"lerp_mode": "catmullrom"
						},
						"2.6667": {
							"post": [-0.2975, 0, 0],
							"lerp_mode": "catmullrom"
						},
						"2.9583": {
							"post": [-0.6125, 0.0625, 0],
							"lerp_mode": "catmullrom"
						},
						"3.25": {
							"post": [-0.5475, 0.6875, 0],
							"lerp_mode": "catmullrom"
						},
						"3.6667": {
							"post": [-0.425, 4.8125, 0],
							"lerp_mode": "catmullrom"
						},
						"3.9167": {
							"post": [-0.49, 12.615, 0],
							"lerp_mode": "catmullrom"
						},
						"4.125": {
							"post": [-0.545, 19, 0],
							"lerp_mode": "catmullrom"
						},
						"4.5417": {
							"post": [-0.55, 19.185, 0],
							"lerp_mode": "catmullrom"
						},
						"4.875": {
							"post": [-0.54, 14.095, 0],
							"lerp_mode": "catmullrom"
						},
						"5.0833": {
							"post": [-0.54, -2.8675, 0],
							"lerp_mode": "catmullrom"
						},
						"5.2917": {
							"post": [-0.55, -4.3125, 0],
							"lerp_mode": "catmullrom"
						},
						"5.4167": {
							"post": [-0.73, -2.075, 0],
							"lerp_mode": "catmullrom"
						},
						"5.5833": {
							"post": [-0.8625, -0.5, 0],
							"lerp_mode": "catmullrom"
						},
						"5.8333": {
							"post": [-0.245, 0.75, 0.1875],
							"lerp_mode": "catmullrom"
						},
						"5.9167": {
							"post": [-0.33, 0.88, 0.0775],
							"lerp_mode": "catmullrom"
						},
						"6.0": {
							"post": [-0.37, 0.97, -0.3775],
							"lerp_mode": "catmullrom"
						},
						"6.0833": {
							"post": [-0.365, 0.9375, 0.375],
							"lerp_mode": "catmullrom"
						},
						"6.1667": {
							"post": [-0.22, 0.53, -0.0225],
							"lerp_mode": "catmullrom"
						},
						"6.2917": {
							"post": [0.015, -0.125, 0.0625],
							"lerp_mode": "catmullrom"
						},
						"6.4167": {
							"post": [0.03, -0.005, 0],
							"lerp_mode": "catmullrom"
						},
						"6.5417": {
							"post": [0, 0, 0],
							"lerp_mode": "catmullrom"
						}
					}
				}
			}
		},
		"melee_stock": {
			"animation_length": 1.6333,
			"bones": {
				"lefthand": {
					"rotation": {
						"0.0": [94.13262, -36.74575, -130.79711],
						"0.2083": [90.65314, -33.27002, -156.87032],
						"0.375": [-83.04436, -59.75636, -44.93375],
						"0.9167": [94.13262, -36.74575, -130.79711],
						"1.125": [94.13262, -36.74575, -130.79711]
					},
					"position": {
						"0.0": [7.63, -16.35, -0.07],
						"0.2083": [6.83619, -14.40254, -9.0999],
						"0.375": [5.93852, -11.4087, -5.35537],
						"0.9167": [7.63, -16.35, -3.27],
						"1.125": [7.63, -16.35, -0.07]
					},
					"scale": [1, 1.5, 1]
				},
				"righthand": {
					"rotation": {
						"0.0": [95.42329, 9.77853, -177.09802],
						"0.375": [-14.86034, 11.56756, -138.43438],
						"0.75": [-14.86, 11.57, -138.43],
						"0.9167": [95.42329, 9.77853, -177.09802]
					},
					"position": {
						"0.0": [-6.85, -16.2, 15.325],
						"0.375": [-6.49941, -15.46079, 18.87553],
						"0.75": [-5.46116, -14.17522, 12.25133],
						"0.9167": [-6.85, -16.2, 15.325]
					},
					"scale": [1, 1.5, 1]
				},
				"constraint": {
					"rotation": [0.1, 0.1, 0.1],
					"position": [0.1, 0.1, 0.5]
				},
				"bolt": {
					"position": [0, 0, 0]
				},
				"root": {
					"rotation": {
						"0.0": [0, 0, 0],
						"0.0417": [3.18, -4.13, -0.42],
						"0.0833": [5.72, -9.64, 0.26],
						"0.125": [-5.86, -12.41, 10.03],
						"0.1667": [-26.29, -11.23, 24.54],
						"0.2083": [-55.81, -8.37, 45.02],
						"0.25": [-88.41, -4.87, 67.42],
						"0.2917": [-118.05, -1.78, 87.66],
						"0.3333": [-138.71, -0.13, 101.69],
						"0.375": [-151.64, 0.07, 110.7],
						"0.4167": [-150.8, -1.82, 109.98],
						"0.4583": [-147.78, -6.57, 105.9],
						"0.5": [-149.06, -14.46, 102.57],
						"0.5417": [-150.5, -25.44, 97.59],
						"0.5833": [-147.92, -35.07, 90.24],
						"0.625": [-137.12, -38.9, 79.78],
						"0.6667": [-126.67, -37.37, 72.56],
						"0.7083": [-112.45, -33.75, 63.59],
						"0.75": [-95.71, -28.64, 53.48],
						"0.7917": [-77.67, -22.66, 42.86],
						"0.8333": [-59.57, -16.41, 32.36],
						"0.875": [-42.67, -10.5, 22.61],
						"0.9167": [-28.19, -5.53, 14.24],
						"0.9583": [-17.39, -2.12, 7.86],
						"1.0": [-7.1, 0.56, 1.55],
						"1.0417": [-2.28, 1.33, -1.57],
						"1.0833": [-0.87, 0.97, -2.61],
						"1.125": [-0.8, 0.27, -2.72],
						"1.1667": [0, 0, -3],
						"1.2083": [1.68, 0.14, -2.84],
						"1.25": [1.55, 0.04, -1.1],
						"1.2917": [1.08, -0.05, 0.4],
						"1.3333": [0.07, -0.03, 1.33],
						"1.375": [-0.95, 0, 1.64],
						"1.4167": [-0.82, 0, 1.25],
						"1.4583": [-0.36, 0, 0.53],
						"1.5": [0, 0, 0],
						"1.5417": [0.07, 0, -0.12],
						"1.5833": [0.04, 0, -0.06],
						"1.625": [0, 0, 0]
					},
					"position": {
						"0.0": [0, 0, 0],
						"0.0417": [0.38, -0.5, 0],
						"0.0833": [0.93, -1.2, -0.03],
						"0.125": [1.5, -1.7, -0.3],
						"0.1667": [1.8, -1.79, -0.68],
						"0.2083": [2.09, -1.78, -1.2],
						"0.25": [2.4, -1.72, -1.78],
						"0.2917": [2.76, -1.67, -2.31],
						"0.3333": [3.2, -1.7, -2.7],
						"0.375": [4.28, -1.8, -3.03],
						"0.4167": [5.52, -2, -3.14],
						"0.4583": [6.4, -2.6, -3.2],
						"0.5": [6.77, -3.74, -3.29],
						"0.5417": [6.99, -5.33, -3.37],
						"0.5833": [6.92, -6.68, -3.37],
						"0.625": [6.4, -7.1, -3.2],
						"0.6667": [5.87, -6.75, -3.02],
						"0.7083": [5.13, -6.05, -2.77],
						"0.75": [4.24, -5.11, -2.47],
						"0.7917": [3.27, -4.03, -2.14],
						"0.8333": [2.31, -2.91, -1.8],
						"0.875": [1.41, -1.86, -1.48],
						"0.9167": [0.66, -0.98, -1.19],
						"0.9583": [0.13, -0.38, -0.95],
						"1.0": [-0.29, 0.06, -0.65],
						"1.0417": [-0.37, 0.12, -0.4],
						"1.0833": [-0.25, -0.03, -0.2],
						"1.125": [-0.08, -0.23, -0.05],
						"1.1667": [0, -0.3, 0.05],
						"1.2083": [-0.01, -0.2, 0.06],
						"1.25": [0, -0.08, -0.06],
						"1.2917": [0, 0.02, -0.14],
						"1.3333": [0, 0.07, -0.11],
						"1.375": [0, 0.1, -0.04],
						"1.4167": [0, 0.12, 0.04],
						"1.4583": [0, 0.12, 0.08],
						"1.5": [0, 0.1, 0.08],
						"1.5417": [0, 0.07, 0.05],
						"1.5833": [0, 0.03, 0.02],
						"1.625": [0, 0, 0]
					}
				},
				"camera": {
					"rotation": {
						"0.0": [0, 0, 0],
						"0.0417": [0.14, 0, -0.05],
						"0.0833": [0.37, 0, -0.12],
						"0.125": [0.63, 0, -0.21],
						"0.1667": [0.85, 0, -0.28],
						"0.2083": [1, 0, -0.32],
						"0.25": [1, 0, -0.3],
						"0.2917": [0.49, 0, 0],
						"0.3333": [-0.35, 0, 0.43],
						"0.375": [-1, 0, 0.6],
						"0.4167": [-1.26, 0, -0.17],
						"0.4583": [-1.26, 0, -0.86],
						"0.5": [-1.28, 0, -0.5],
						"0.5417": [-1.26, 0, 0.18],
						"0.5833": [-1.2, 0, 0.6],
						"0.625": [-1.09, 0, 0.43],
						"0.6667": [-0.93, 0, -0.01],
						"0.7083": [-0.77, 0, -0.28],
						"0.75": [-0.61, 0, -0.16],
						"0.7917": [-0.45, 0, 0.13],
						"0.8333": [-0.3, 0, 0.3],
						"0.875": [-0.21, 0, 0.25],
						"0.9167": [-0.13, 0, 0.12],
						"0.9583": [-0.06, 0, -0.03],
						"1.0": [0, 0, -0.1],
						"1.0417": [0.06, 0, -0.03],
						"1.0833": [0.09, 0, 0.12],
						"1.125": [0.1, 0, 0.2],
						"1.1667": [0.08, 0, 0.13],
						"1.2083": [0.03, 0, -0.01],
						"1.25": [0, 0, -0.1],
						"1.2917": [-0.01, 0, -0.1],
						"1.3333": [-0.01, 0, -0.07],
						"1.375": [0, 0, -0.03],
						"1.4167": [0, 0, 0],
						"1.4583": [0, 0, 0.01],
						"1.5": [0, 0, 0.01],
						"1.5417": [0, 0, 0],
						"1.5833": [0, 0, 0]
					}
				}
			}
		},
		"shoot": {
			"animation_length": 0.6667,
			"bones": {
				"root": {
					"rotation": {
						"0.0": {
							"post": [0, 0, 0],
							"lerp_mode": "catmullrom"
						},
						"0.0333": {
							"post": [0.24839, 0.0283, -2.29994],
							"lerp_mode": "catmullrom"
						},
						"0.0667": {
							"post": [-2.15049, 0.00873, 0.99939],
							"lerp_mode": "catmullrom"
						},
						"0.1": {
							"post": [-1.86351, -0.12391, -1.01431],
							"lerp_mode": "catmullrom"
						},
						"0.1333": {
							"post": [-1.12, -0.03, -0.24],
							"lerp_mode": "catmullrom"
						},
						"0.1667": {
							"post": [-0.1984, 0.06651, 0.74977],
							"lerp_mode": "catmullrom"
						},
						"0.2667": {
							"post": [0.2, -0.00327, 0.24998],
							"lerp_mode": "catmullrom"
						},
						"0.4": {
							"post": [-0.08, 0, -0.05],
							"lerp_mode": "catmullrom"
						},
						"0.5333": {
							"post": [0.05, 0, 0],
							"lerp_mode": "catmullrom"
						},
						"0.6667": {
							"post": [0, 0, 0],
							"lerp_mode": "catmullrom"
						}
					},
					"position": {
						"0.0": {
							"post": [0, 0, 0],
							"lerp_mode": "catmullrom"
						},
						"0.0333": {
							"post": [0, -0.3, 1.65],
							"lerp_mode": "catmullrom"
						},
						"0.0667": {
							"post": [0, 0.075, 1.455],
							"lerp_mode": "catmullrom"
						},
						"0.1333": {
							"post": [0, 0.0375, -0.325],
							"lerp_mode": "catmullrom"
						},
						"0.2333": {
							"post": [0, -0.0625, -0.075],
							"lerp_mode": "catmullrom"
						},
						"0.3667": {
							"post": [0, -0.0625, 0.03125],
							"lerp_mode": "catmullrom"
						},
						"0.5333": {
							"post": [0, 0, 0],
							"lerp_mode": "catmullrom"
						},
						"0.6667": {
							"post": [0, 0, 0],
							"lerp_mode": "catmullrom"
						}
					}
				},
				"bolt": {
					"position": {
						"0.0": [0, 0, 0],
						"0.0333": [0, 0, 5.225],
						"0.1": [0, 0, 0]
					}
				},
				"bullet_in_barrel": {
					"scale": {
						"0.0": [0, 0, 0],
						"0.2333": {
							"pre": [0, 0, 0],
							"post": [1, 1, 1]
						}
					}
				},
				"camera": {
					"rotation": {
						"0.0": {
							"post": [0, 0, 0],
							"lerp_mode": "catmullrom"
						},
						"0.0333": {
							"post": [0, 0, 1.1],
							"lerp_mode": "catmullrom"
						},
						"0.0667": {
							"post": [0, 0, -0.75],
							"lerp_mode": "catmullrom"
						},
						"0.1": {
							"post": [0, 0, 0.755],
							"lerp_mode": "catmullrom"
						},
						"0.1333": {
							"post": [0, 0, -0.39],
							"lerp_mode": "catmullrom"
						},
						"0.1667": {
							"post": [0, 0, 0.28],
							"lerp_mode": "catmullrom"
						},
						"0.2333": {
							"post": [0, 0, -0.07],
							"lerp_mode": "catmullrom"
						},
						"0.3": {
							"post": [0, 0, 0],
							"lerp_mode": "catmullrom"
						}
					}
				}
			}
		},
		"runX": {
			"loop": true,
			"animation_length": 1.6667,
			"bones": {
				"constraint": {
					"rotation": [0.1, 0.1, 0.1],
					"position": [0.1, 0.1, 0.5]
				},
				"bolt": {
					"position": [0, 0, 0]
				},
				"root": {
					"rotation": [-2, 2.5, 5],
					"position": [-8, -8.2, 8]
				},
				"lefthand": {
					"rotation": {
						"0.0": [94.13262, -36.74575, -130.79711],
						"0.125": {
							"pre": [94.92327, -47.71189, -131.9681],
							"post": [94.92327, -47.71189, -131.9681],
							"lerp_mode": "catmullrom"
						},
						"0.2083": {
							"post": [88.92327, -47.71189, -131.9681],
							"lerp_mode": "catmullrom"
						},
						"0.375": {
							"post": [81.13262, -36.74575, -130.79711],
							"lerp_mode": "catmullrom"
						},
						"0.75": [94.13262, -36.74575, -130.79711],
						"0.875": {
							"pre": [94.92327, -47.71189, -131.9681],
							"post": [94.92327, -47.71189, -131.9681],
							"lerp_mode": "catmullrom"
						},
						"0.9583": {
							"post": [88.92327, -47.71189, -131.9681],
							"lerp_mode": "catmullrom"
						},
						"1.125": {
							"post": [81.13262, -36.74575, -130.79711],
							"lerp_mode": "catmullrom"
						}
					},
					"position": {
						"0.0": [24.03, -11.75, 1.73],
						"0.125": {
							"pre": [24.03, -8.75, -4.87],
							"post": [24.03, -8.75, -4.87],
							"lerp_mode": "catmullrom"
						},
						"0.2083": {
							"post": [22.93, -8.65, -4.87],
							"lerp_mode": "catmullrom"
						},
						"0.375": {
							"post": [22.03, -11.85, 1.73],
							"lerp_mode": "catmullrom"
						},
						"0.75": [24.03, -11.75, 1.73],
						"0.875": {
							"pre": [24.03, -8.75, -4.87],
							"post": [24.03, -8.75, -4.87],
							"lerp_mode": "catmullrom"
						},
						"0.9583": {
							"post": [22.93, -8.65, -4.87],
							"lerp_mode": "catmullrom"
						},
						"1.125": {
							"post": [22.03, -11.85, 1.73],
							"lerp_mode": "catmullrom"
						}
					},
					"scale": [1, 1.5, 1]
				},
				"magazine": {
					"scale": 0
				},
				"gun_and_righthand": {
					"rotation": {
						"0.0": [25, -1, 0],
						"0.3333": {
							"pre": [25, -1, 0],
							"post": [25, -1, 0],
							"lerp_mode": "catmullrom"
						},
						"0.5": {
							"post": [-0.49829, -18.10661, 0.37234],
							"lerp_mode": "catmullrom"
						},
						"0.625": {
							"post": [3.62022, -16.6752, 13.14566],
							"lerp_mode": "catmullrom"
						},
						"0.7917": {
							"post": [24.80507, -20.64716, 8.53048],
							"lerp_mode": "catmullrom"
						},
						"0.875": [25, -1, 0],
						"1.2083": {
							"pre": [25, -1, 0],
							"post": [25, -1, 0],
							"lerp_mode": "catmullrom"
						},
						"1.375": {
							"post": [-0.49829, -18.10661, 0.37234],
							"lerp_mode": "catmullrom"
						},
						"1.5": {
							"post": [3.62022, -16.6752, 13.14566],
							"lerp_mode": "catmullrom"
						},
						"1.6667": [25, -1, 0]
					},
					"position": {
						"0.0": [-3.3, -4.3, 10.1],
						"0.3333": {
							"pre": [-3.3, -4.3, 10.1],
							"post": [-3.3, -4.3, 10.1],
							"lerp_mode": "catmullrom"
						},
						"0.5": {
							"post": [-3.6, -1.8, -2.6],
							"lerp_mode": "catmullrom"
						},
						"0.625": {
							"post": [0.8, -1.8, -5],
							"lerp_mode": "catmullrom"
						},
						"0.7917": {
							"post": [0.1, -11.4, 0.6],
							"lerp_mode": "catmullrom"
						},
						"0.875": [-3.3, -4.3, 10.1],
						"1.2083": {
							"pre": [-3.3, -4.3, 10.1],
							"post": [-3.3, -4.3, 10.1],
							"lerp_mode": "catmullrom"
						},
						"1.375": {
							"post": [-3.6, -1.8, -2.6],
							"lerp_mode": "catmullrom"
						},
						"1.5": {
							"post": [0.8, -1.8, -5],
							"lerp_mode": "catmullrom"
						},
						"1.6667": [-3.3, -4.3, 10.1]
					}
				},
				"righthand": {
					"rotation": {
						"0.0": [101.88144, 22.66408, -54.31566],
						"0.4583": [101.88144, 22.66408, -54.31566],
						"0.5417": [101.13784, 10.41326, -56.91253],
						"0.5833": [101.02459, 5.50586, -57.87739],
						"0.6667": [100.96786, 3.05198, -58.35937],
						"0.7917": [101.88144, 22.66408, -54.31566],
						"1.3333": [101.88144, 22.66408, -54.31566],
						"1.4167": [101.13784, 10.41326, -56.91253],
						"1.4583": [101.02459, 5.50586, -57.87739],
						"1.5417": [100.96786, 3.05198, -58.35937],
						"1.6667": [101.88144, 22.66408, -54.31566]
					},
					"position": {
						"0.0": [-6.65, -14.7, -8.18],
						"0.4583": [-6.65, -14.7, -8.18],
						"0.6667": [-6.65, -14.7, -8.18],
						"0.7917": [-6.65, -14.7, -8.18],
						"1.3333": [-6.65, -14.7, -8.18],
						"1.5417": [-6.65, -14.7, -8.18],
						"1.6667": [-6.65, -14.7, -8.18]
					},
					"scale": [1, 1.5, 1]
				}
			}
		}
	}
}