{
	"format_version": "1.8.0",
	"animations": {
		"static_idle": {
			"animation_length": 0.0667,
			"bones": {
				"L": {
					"rotation": [94.13262, -36.74575, -130.79711],
					"position": [7.63, -16.35, -0.07],
					"scale": [1, 1.5, 1]
				},
				"righthand": {
					"rotation": [95.42329, 9.77853, -177.09802],
					"position": [-6.85, -16.2, 15.325],
					"scale": [1, 1.5, 1]
				},
				"constraint": {
					"rotation": [0.8, 0.8, 0.8],
					"position": [0.8, 0.8, 0.8]
				},
				"bolt": {
					"position": [0, 0, 0]
				}
			}
		},
		"static_bolt_caught": {
			"animation_length": 0.1,
			"bones": {
				"bullet": {
					"scale": 0
				},
				"bolt": {
					"position": [0, 0, 5.2]
				},
				"b1": {
					"scale": 0
				}
			}
		},
		"draw": {
			"animation_length": 0.7333,
			"bones": {
				"L": {
					"rotation": [94.13262, -36.74575, -130.79711],
					"position": [7.63, -16.35, -0.07],
					"scale": [1, 1.5, 1]
				},
				"righthand": {
					"rotation": [95.42329, 9.77853, -177.09802],
					"position": [-6.85, -16.2, 15.325],
					"scale": [1, 1.5, 1]
				},
				"root": {
					"rotation": {
						"0.0": [0, -35, 57.5],
						"0.0333": [0.45, -31.16, 55.03],
						"0.0667": [1.13, -25.56, 51.66],
						"0.1": [1.86, -19.27, 47.56],
						"0.1333": [2.45, -13.37, 42.92],
						"0.1667": [2.73, -8.93, 37.9],
						"0.2": [2.58, -6.15, 31.94],
						"0.2333": [2.11, -4.31, 24.9],
						"0.2667": [1.51, -3.12, 17.67],
						"0.3": [0.96, -2.28, 11.11],
						"0.3333": [0.65, -1.47, 6.1],
						"0.3667": [0.78, -0.51, 1.39],
						"0.4": [1.22, -0.22, -0.64],
						"0.4333": [1.38, -0.08, -1.55],
						"0.4667": [0.48, 0.01, -0.77],
						"0.5": [-0.45, -0.1, 0.82],
						"0.5333": [-0.48, -0.22, 0.67],
						"0.5667": [-0.25, -0.37, 0.12],
						"0.6": [-0.06, -0.44, -0.27],
						"0.6333": [-0.04, -0.29, -0.18],
						"0.6667": [-0.02, -0.15, -0.09],
						"0.7": [0, 0, 0]
					},
					"position": {
						"0.0": [0, -8, 2],
						"0.0333": [-0.02, -7.18, 1.69],
						"0.0667": [-0.05, -6, 1.23],
						"0.1": [-0.08, -4.67, 0.72],
						"0.1333": [-0.11, -3.4, 0.22],
						"0.1667": [-0.14, -2.41, -0.19],
						"0.2": [-0.19, -0.99, -0.91],
						"0.2333": [-0.22, -0.29, -1.42],
						"0.2667": [-0.2, -0.16, -1.75],
						"0.3": [-0.17, -0.28, -2.01],
						"0.3333": [-0.12, -0.38, -1.97],
						"0.3667": [-0.08, -0.38, -1.41],
						"0.4": [-0.04, -0.35, -0.55],
						"0.4333": [0, -0.3, 0.05],
						"0.4667": [0.03, -0.21, 0.13],
						"0.5": [0.05, -0.09, -0.03],
						"0.5333": [0.05, 0, -0.15],
						"0.5667": [0.03, 0.02, -0.1],
						"0.6": [0, 0.01, -0.01],
						"0.6333": [-0.02, 0, 0.05],
						"0.6667": [-0.02, 0, 0.05],
						"0.7": [-0.01, 0, 0.02],
						"0.7333": [0, 0, 0]
					}
				},
				"camera": {
					"rotation": {
						"0.0": {
							"post": [0, 0, 0],
							"lerp_mode": "catmullrom"
						},
						"0.2": {
							"post": [1.00016, 0.00436, 0.75027],
							"lerp_mode": "catmullrom"
						},
						"0.4333": {
							"post": [0, 0, -0.75],
							"lerp_mode": "catmullrom"
						},
						"0.5333": {
							"post": [0, 0, 0],
							"lerp_mode": "catmullrom"
						},
						"0.6333": {
							"post": [0, 0, -0.3],
							"lerp_mode": "catmullrom"
						},
						"0.7333": {
							"post": [0, 0, 0],
							"lerp_mode": "catmullrom"
						}
					}
				}
			},
			"sound_effects": {
				"0.0": {
					"effect": "tacz:sks/sks_raise"
				}
			}
		},
		"put_away": {
			"animation_length": 0.4667,
			"bones": {
				"L": {
					"rotation": {
						"0.0": [94.13262, -36.74575, -130.79711],
						"0.0667": [127.67152, -14.70086, -183.17363],
						"0.1333": [148.34013, 7.13088, -207.53996]
					},
					"position": {
						"0.0": [7.63, -16.35, -0.07],
						"0.1333": [8.805, -12.2, -4.57]
					},
					"scale": [1, 1.5, 1]
				},
				"righthand": {
					"rotation": [95.42329, 9.77853, -177.09802],
					"position": [-6.85, -16.2, 15.325],
					"scale": [1, 1.5, 1]
				},
				"root": {
					"rotation": {
						"0.0": [0, 0, 0],
						"0.0333": [-0.84, -1.29, -2.93],
						"0.0667": [-0.51, -3.68, -4.19],
						"0.1": [2.14, -6.07, -1.37],
						"0.1333": [5.89, -9.02, 3.41],
						"0.1667": [8.85, -12.51, 9.13],
						"0.2": [10.02, -16.71, 16.34],
						"0.2333": [10.4, -21.43, 24.49],
						"0.2667": [11.08, -26, 30.89],
						"0.3": [12.6, -32.85, 38.37],
						"0.3333": [16.02, -37.99, 36.84],
						"0.3667": [21.55, -38.83, 22.39],
						"0.4": [28.47, -38.31, 1.72],
						"0.4333": [33.44, -37.82, -13.36]
					},
					"position": {
						"0.0": [0, 0, 0],
						"0.0333": [-0.21, -0.18, 0.05],
						"0.0667": [-0.45, -0.49, 0.28],
						"0.1": [-0.56, -0.75, 0.7],
						"0.1333": [-0.64, -1.07, 1.24],
						"0.1667": [-0.67, -1.47, 1.64],
						"0.2": [-0.64, -1.99, 1.78],
						"0.2333": [-0.56, -2.6, 1.78],
						"0.2667": [-0.43, -3.24, 1.76],
						"0.3": [-0.17, -4.16, 1.76],
						"0.3333": [0.22, -5.38, 1.65],
						"0.3667": [0.65, -6.79, 1.43],
						"0.4": [1.14, -8.42, 1.15],
						"0.4333": [1.49, -9.59, 0.94]
					}
				},
				"camera": {
					"rotation": {
						"0.0": {
							"post": [0, 0, 0],
							"lerp_mode": "catmullrom"
						},
						"0.1": {
							"post": [0.3, 0, -0.125],
							"lerp_mode": "catmullrom"
						},
						"0.2667": {
							"post": [0.64, 0, 0.3],
							"lerp_mode": "catmullrom"
						},
						"0.3333": {
							"post": [0.5, 0, 0.15],
							"lerp_mode": "catmullrom"
						},
						"0.4333": {
							"post": [0, 0, 0],
							"lerp_mode": "catmullrom"
						}
					}
				}
			},
			"sound_effects": {
				"0.0": {
					"effect": "tacz:sks/sks_drop"
				}
			}
		},
		"reload_tactical": {
			"animation_length": 4.5333,
			"bones": {
				"L": {
					"rotation": {
						"0.0": [94.13262, -36.74575, -130.79711],
						"0.1": [94.33657, -33.66764, -132.21944],
						"0.2": [100.85373, -37.57194, -142.7829],
						"0.3333": [95.60103, -24.78336, -132.03482],
						"0.4": [93.19439, -22.86703, -127.15692],
						"0.8667": [103.23369, -26.86613, -127.25031],
						"2.9333": [103.23, -26.87, -127.25],
						"3.2": [94.70686, -38.91563, -120.49204],
						"3.4": [99.04019, -38.91563, -120.49204],
						"3.7667": [89.70686, -38.91563, -120.49204],
						"3.9": [98.21593, -31.15979, -137.79829],
						"4.1": [94.13262, -36.74575, -130.79711]
					},
					"position": {
						"0.0": [7.63, -16.35, -0.07],
						"0.1": [8.33, -15.75, -2.17],
						"0.2": [7.23, -14.05, -5.27],
						"0.5": [7.23, -14.05, -5.27],
						"0.7333": [6.63, -13.63, -6.04],
						"1.0333": [6.63, -13.73, -5.54],
						"2.9333": [6.63, -13.73, -5.54],
						"3.7667": [6.63, -13.73, -5.54],
						"3.9": [7.73, -16.25, -1.37],
						"4.1": [7.63, -16.35, -0.07]
					},
					"scale": {
						"0.0": [1, 1.5, 1],
						"4.1": [1, 1.5, 1]
					}
				},
				"righthand": {
					"rotation": {
						"0.0": [95.42329, 9.77853, -177.09802],
						"0.1667": [95.3606, 10.39503, -183.16008],
						"0.3667": [92.75671, 18.87102, -197.01601],
						"0.5": [92.75671, 18.87102, -197.01601],
						"0.6": [90.61764, 11.66621, -207.58495],
						"0.7": [90.61764, 11.66621, -207.58495],
						"0.8333": [89.5842, 11.67502, -212.69056],
						"1.0": [70.1837, 7.44294, -215.87083],
						"1.2333": [72.16459, 11.4916, -203.87806],
						"1.3667": [87.20796, 12.59511, -181.84802],
						"1.5": [92.25132, 13.69863, -159.81798],
						"1.6333": [112.29895, 15.24768, -163.62691],
						"1.7": [99.01675, 14.31857, -164.96344],
						"1.7667": [99.02, 14.32, -164.96],
						"1.9": [100.24087, 13.48297, -159.88167],
						"1.9667": [107.31471, 14.43785, -159.57563],
						"2.0667": [94.83914, 25.10878, -153.56858],
						"2.1667": [94.83914, 25.10878, -153.56858],
						"2.2667": [90.19139, 27.19492, -148.03789],
						"2.3333": [90.19139, 27.19492, -148.03789],
						"2.4333": [97.97165, 29.11892, -130.81704],
						"2.5667": [97.97, 29.12, -130.82],
						"2.6667": [103.9005, 23.88642, -118.29028],
						"2.8333": [104.74878, 23.39153, -116.17495],
						"2.9333": [104.74878, 23.39153, -116.17495],
						"3.1333": [90.61764, 11.66621, -207.58495],
						"3.2667": [99.66919, 6.58759, -154.59026],
						"3.3333": [98.38775, 8.16084, -152.64862],
						"3.4667": [96.3374, 9.83409, -136.00229],
						"3.6": [100.43928, 18.67264, -153.38017],
						"3.7333": [80.95607, 14.88994, -161.16373],
						"3.9": [94.54479, 10.21321, -182.15593],
						"4.0667": [95.42329, 9.77853, -177.09802]
					},
					"position": {
						"0.0": [-6.85, -16.2, 15.325],
						"0.1667": [-6.85, -16.4, 15.33],
						"0.3667": [-8.85, -15, 2.63],
						"0.5": [-8.85, -15, 2.63],
						"0.6": [-8.85, -15, 7.23],
						"0.7": [-8.85, -15, 7.23],
						"0.8333": [-11.95, -15.7, 7.53],
						"1.0": [-12.25, -23, 15.23],
						"1.0667": [-12.25, -22.69, 15.23],
						"1.2333": [-12.25, -22, 15.23],
						"1.3667": [-12.25, -15.8, 10.13],
						"1.5": [-12.25, -13.2, 9.03],
						"1.6333": [-9.45, -10.4, 5.33],
						"1.7": [-8.75, -10.4, 5.33],
						"1.7667": [-8.75, -10.4, 5.33],
						"1.9": [-8.25, -10.3, 5.33],
						"1.9667": [-8.25, -10.7, 5.33],
						"2.0667": [-8.25, -10.3, 5.33],
						"2.1667": [-8.25, -10.3, 5.33],
						"2.2667": [-8.25, -10.9, 5.33],
						"2.3333": [-8.25, -10.9, 5.33],
						"2.4333": [-8.25, -11.8, 4.53],
						"2.5667": [-8.25, -11.8, 4.53],
						"2.6667": [-8.25, -12.4, 4.53],
						"2.8333": [-8.25, -12.5, 4.53],
						"2.9333": [-8.25, -12.5, 4.53],
						"3.1333": [-8.85, -15, 7.23],
						"3.2667": [-9.45, -13.8, 7.23],
						"3.3333": [-9.45, -13.8, 7.23],
						"3.4667": [-9.45, -14.5, 8.03],
						"3.6": [-12.8, -9.68, 7.5],
						"3.7333": [-13.02, -13.74, 11.41],
						"3.9": [-6.85, -16.2, 15.325],
						"4.0667": [-6.85, -16.2, 15.325]
					},
					"scale": [1, 1.5, 1]
				},
				"constraint": {
					"rotation": [0.8, 0.8, 0.8],
					"position": [0.8, 0.8, 0.8]
				},
				"root": {
					"rotation": {
						"0.0": [0, 0, 0],
						"0.0333": [-3.77, 0.93, 1.9],
						"0.0667": [-9.3, 2.31, 4.69],
						"0.1": [-15.46, 3.82, 7.8],
						"0.1333": [-21.17, 5.18, 10.64],
						"0.1667": [-25.33, 6.09, 12.63],
						"0.2": [-28.17, 6.45, 14],
						"0.2333": [-29.56, 6.31, 14.66],
						"0.2667": [-29.99, 5.97, 14.58],
						"0.3": [-30, 5.74, 13.75],
						"0.3333": [-29.56, 5.76, 12.52],
						"0.3667": [-28.53, 5.85, 10.65],
						"0.4": [-27.22, 5.95, 8.45],
						"0.4333": [-25.98, 5.98, 6.23],
						"0.4667": [-25.14, 5.87, 4.28],
						"0.5": [-25.01, 5.55, 2.91],
						"0.5333": [-27.63, 4.35, 2.24],
						"0.5667": [-31.82, 2.59, 2.67],
						"0.6": [-34.23, 0.34, 2.1],
						"0.6333": [-33.2, -3.05, -0.64],
						"0.6667": [-30.38, -6.93, -4.39],
						"0.7": [-27.35, -9.24, -7.71],
						"0.7333": [-25.82, -9.2, -9.04],
						"0.7667": [-24.01, -8.45, -10.33],
						"0.8": [-22.15, -7.31, -11.51],
						"0.8333": [-20.47, -6.1, -12.52],
						"0.8667": [-19.2, -5.14, -13.29],
						"0.9": [-18.57, -4.75, -13.76],
						"0.9333": [-18.65, -4.91, -13.77],
						"0.9667": [-19.2, -5.36, -13.38],
						"1.0": [-20.1, -6.02, -12.76],
						"1.0333": [-21.21, -6.82, -12.07],
						"1.0667": [-22.42, -7.66, -11.49],
						"1.1": [-23.59, -8.49, -11.17],
						"1.1333": [-24.6, -9.22, -11.28],
						"1.1667": [-25.54, -9.92, -11.9],
						"1.2": [-26.56, -10.66, -12.91],
						"1.2333": [-27.6, -11.41, -14.18],
						"1.2667": [-28.61, -12.15, -15.56],
						"1.3": [-29.55, -12.84, -16.93],
						"1.3333": [-30.37, -13.46, -18.15],
						"1.3667": [-31.03, -13.98, -19.09],
						"1.4": [-31.37, -14.29, -19.59],
						"1.4333": [-31.63, -14.6, -20.05],
						"1.4667": [-31.83, -14.9, -20.46],
						"1.5": [-31.97, -15.17, -20.83],
						"1.5333": [-32.06, -15.4, -21.14],
						"1.5667": [-32.13, -15.58, -21.39],
						"1.6": [-32.18, -15.69, -21.58],
						"1.6333": [-32.22, -15.72, -21.71],
						"1.6667": [-32.27, -15.66, -21.77],
						"1.7": [-32.35, -15.51, -21.75],
						"1.7333": [-32.47, -14.74, -21.49],
						"1.7667": [-32.53, -13.49, -20.93],
						"1.8": [-32.57, -12.05, -20.14],
						"1.8333": [-32.64, -10.7, -19.18],
						"1.8667": [-32.8, -9.73, -18.11],
						"1.9": [-33.35, -9.03, -15.81],
						"1.9333": [-34.05, -8.86, -13.1],
						"1.9667": [-34.57, -8.74, -10.8],
						"2.0": [-34.68, -8.6, -9.6],
						"2.0333": [-34.63, -8.51, -8.65],
						"2.0667": [-34.58, -8.39, -7.87],
						"2.1": [-34.69, -8.17, -7.17],
						"2.1333": [-35.73, -7.04, -5.57],
						"2.1667": [-36.56, -6.27, -5.21],
						"2.2": [-36.14, -6.96, -7.06],
						"2.2333": [-35.33, -8.13, -9.82],
						"2.2667": [-34.95, -8.58, -11.48],
						"2.3": [-35.31, -7.2, -10.74],
						"2.3333": [-36.11, -5.11, -8.91],
						"2.3667": [-37.22, -4.48, -7.8],
						"2.4": [-38.81, -6.78, -8.38],
						"2.4333": [-40.72, -10.55, -9.69],
						"2.4667": [-42.32, -13.5, -10.74],
						"2.5": [-43.47, -14.47, -10.9],
						"2.5333": [-44.31, -14.61, -10.8],
						"2.5667": [-44.7, -15.14, -11.26],
						"2.6": [-44.48, -16.98, -13.2],
						"2.6333": [-43.81, -19.2, -15.71],
						"2.6667": [-42.95, -20.21, -16.84],
						"2.7": [-42.39, -19.5, -16.23],
						"2.7333": [-41.81, -17.93, -14.8],
						"2.7667": [-40.95, -16.04, -12.68],
						"2.8": [-39.51, -14.39, -9.97],
						"2.8333": [-38.37, -13.55, -7.8],
						"2.8667": [-37.03, -12.63, -4.93],
						"2.9": [-35.53, -11.7, -1.72],
						"2.9333": [-33.9, -10.83, 1.44],
						"2.9667": [-32.15, -10.12, 4.17],
						"3.0": [-30.32, -9.64, 6.09],
						"3.0333": [-28.44, -9.46, 6.82],
						"3.0667": [-26.66, -9.63, 6.3],
						"3.1": [-24.67, -10.1, 4.89],
						"3.1333": [-22.57, -10.77, 2.81],
						"3.1667": [-20.42, -11.57, 0.29],
						"3.2": [-18.31, -12.42, -2.46],
						"3.2333": [-16.31, -13.23, -5.21],
						"3.2667": [-14.5, -13.92, -7.74],
						"3.3": [-12.95, -14.41, -9.81],
						"3.3333": [-10.45, -15.19, -13.84],
						"3.3667": [-8.51, -15.84, -17.99],
						"3.4": [-7.12, -16, -20.99],
						"3.4333": [-6.29, -15.29, -21.57],
						"3.4667": [-6.6, -11.79, -16.01],
						"3.5": [-7.9, -6.99, -6.91],
						"3.5333": [-8.62, -4.34, -1.46],
						"3.5667": [-5.66, -12.8, -14.08],
						"3.6": [-3.83, -16.86, -19.2],
						"3.6333": [-0.85, -19.26, -21.65],
						"3.6667": [1.89, -18.89, -20.55],
						"3.7": [5.35, -17.66, -18.15],
						"3.7333": [8.76, -16.02, -15.3],
						"3.7667": [11.39, -14.41, -12.87],
						"3.8": [13.45, -12.27, -10.46],
						"3.8333": [14.55, -9.92, -8.29],
						"3.8667": [14.98, -7.62, -6.22],
						"3.9": [14.66, -5.33, -4.18],
						"3.9333": [13.66, -3.09, -2.26],
						"3.9667": [12.5, -1.34, -0.6],
						"4.0": [10.9, 0, 1.34],
						"4.0333": [8.62, 0.61, 2.56],
						"4.0667": [6.04, 0.93, 2.9],
						"4.1": [3.01, 1.09, 2.87],
						"4.1333": [0.67, 1.12, 2.44],
						"4.1667": [-0.72, 0.87, 0.54],
						"4.2": [-1, 0.5, -1.31],
						"4.2333": [-0.86, 0.31, -1.57],
						"4.2667": [-0.44, 0.13, -1.38],
						"4.3": [-0.1, 0, -1.1],
						"4.3333": [-0.02, -0.04, -0.86],
						"4.3667": [0.01, -0.03, -0.54],
						"4.4": [0, -0.01, -0.22],
						"4.4333": [0, 0, 0],
						"4.4667": [0.01, 0, 0.08],
						"4.5": [0, 0, 0.04],
						"4.5333": [0, 0, 0]
					},
					"position": {
						"0.0": [0, 0, 0],
						"0.0333": [0, -0.13, 0.16],
						"0.0667": [-0.01, -0.33, 0.38],
						"0.1": [-0.01, -0.55, 0.64],
						"0.1333": [-0.01, -0.77, 0.91],
						"0.1667": [-0.01, -0.97, 1.14],
						"0.2": [0, -1.1, 1.3],
						"0.2333": [0.02, -1.14, 1.35],
						"0.2667": [0.05, -1.14, 1.36],
						"0.3": [0.08, -1.12, 1.34],
						"0.3333": [0.12, -1.08, 1.31],
						"0.3667": [0.16, -1.04, 1.27],
						"0.4": [0.19, -1.01, 1.25],
						"0.4333": [0.21, -1.01, 1.25],
						"0.4667": [0.21, -1.03, 1.3],
						"0.5": [0.2, -1.1, 1.4],
						"0.5333": [0.04, -1.59, 2.1],
						"0.5667": [-0.21, -2.27, 3.04],
						"0.6": [-0.4, -2.8, 3.7],
						"0.6333": [-0.45, -3, 3.81],
						"0.6667": [-0.46, -3.11, 3.73],
						"0.7": [-0.44, -3.14, 3.56],
						"0.7333": [-0.4, -3.1, 3.4],
						"0.7667": [-0.35, -3, 3.3],
						"0.8": [-0.29, -2.82, 3.17],
						"0.8333": [-0.21, -2.62, 3.04],
						"0.8667": [-0.15, -2.43, 2.91],
						"0.9": [-0.1, -2.3, 2.8],
						"0.9333": [-0.08, -2.25, 2.73],
						"0.9667": [-0.08, -2.21, 2.67],
						"1.0": [-0.08, -2.18, 2.61],
						"1.0333": [-0.08, -2.17, 2.56],
						"1.0667": [-0.09, -2.19, 2.51],
						"1.1": [-0.1, -2.23, 2.46],
						"1.1333": [-0.1, -2.3, 2.4],
						"1.1667": [-0.1, -2.42, 2.34],
						"1.2": [-0.1, -2.58, 2.27],
						"1.2333": [-0.09, -2.78, 2.21],
						"1.2667": [-0.09, -2.99, 2.14],
						"1.3": [-0.09, -3.19, 2.09],
						"1.3333": [-0.09, -3.37, 2.04],
						"1.3667": [-0.1, -3.5, 2],
						"1.4": [-0.11, -3.58, 1.98],
						"1.4333": [-0.12, -3.64, 1.97],
						"1.4667": [-0.14, -3.68, 1.97],
						"1.5": [-0.16, -3.71, 1.98],
						"1.5333": [-0.17, -3.73, 1.98],
						"1.5667": [-0.19, -3.75, 1.99],
						"1.6": [-0.2, -3.77, 2],
						"1.6333": [-0.2, -3.8, 2],
						"1.6667": [-0.2, -3.84, 2],
						"1.7": [-0.18, -3.88, 2],
						"1.7333": [-0.17, -3.91, 2],
						"1.7667": [-0.15, -3.95, 2],
						"1.8": [-0.13, -3.97, 2],
						"1.8333": [-0.11, -3.99, 2],
						"1.8667": [-0.1, -4, 2],
						"1.9": [-0.09, -3.95, 2],
						"1.9333": [-0.1, -3.86, 2.01],
						"1.9667": [-0.1, -3.8, 2],
						"2.0": [-0.1, -3.78, 2.02],
						"2.0333": [-0.1, -3.77, 2.06],
						"2.0667": [-0.1, -3.8, 2.05],
						"2.1": [-0.1, -3.9, 1.9],
						"2.1333": [-0.1, -3.96, 1.79],
						"2.1667": [-0.1, -4.05, 1.66],
						"2.2": [-0.1, -4.14, 1.49],
						"2.2333": [-0.1, -4.25, 1.31],
						"2.2667": [-0.1, -4.36, 1.12],
						"2.3": [-0.1, -4.48, 0.92],
						"2.3333": [-0.1, -4.59, 0.72],
						"2.3667": [-0.1, -4.71, 0.54],
						"2.4": [-0.1, -4.82, 0.37],
						"2.4333": [-0.1, -4.91, 0.22],
						"2.4667": [-0.1, -5, 0.1],
						"2.5": [-0.1, -5.14, -0.05],
						"2.5333": [-0.1, -5.26, -0.15],
						"2.5667": [-0.1, -5.37, -0.21],
						"2.6": [-0.1, -5.46, -0.25],
						"2.6333": [-0.1, -5.54, -0.27],
						"2.6667": [-0.1, -5.6, -0.3],
						"2.7": [-0.1, -5.67, -0.3],
						"2.7333": [-0.11, -5.72, -0.26],
						"2.7667": [-0.11, -5.71, -0.24],
						"2.8": [-0.1, -5.6, -0.3],
						"2.8333": [-0.08, -5.43, -0.38],
						"2.8667": [-0.04, -5.19, -0.46],
						"2.9": [0, -4.9, -0.56],
						"2.9333": [0.04, -4.61, -0.72],
						"2.9667": [0.08, -4.37, -0.96],
						"3.0": [0.1, -4.2, -1.3],
						"3.0333": [0.11, -4.12, -1.81],
						"3.0667": [0.11, -4.11, -2.47],
						"3.1": [0.11, -4.14, -3.21],
						"3.1333": [0.11, -4.19, -3.95],
						"3.1667": [0.1, -4.21, -4.61],
						"3.2": [0.1, -4.2, -5.1],
						"3.2333": [0.1, -4.05, -5.62],
						"3.2667": [0.1, -3.85, -5.81],
						"3.3": [0.1, -3.7, -5.9],
						"3.3333": [0.1, -3.66, -6.07],
						"3.3667": [0.1, -3.67, -6.25],
						"3.4": [0.1, -3.69, -6.23],
						"3.4333": [0.1, -3.7, -5.8],
						"3.4667": [0.1, -3.7, -2.97],
						"3.5": [0.1, -3.7, -0.2],
						"3.5333": [0.09, -3.72, 0.1],
						"3.5667": [0.09, -3.74, -0.59],
						"3.6": [0.08, -3.76, -1.66],
						"3.6333": [0.1, -3.7, -2.9],
						"3.6667": [0.15, -3.63, -3.51],
						"3.7": [0.23, -3.53, -4.16],
						"3.7333": [0.3, -3.37, -4.63],
						"3.7667": [0.3, -3.1, -4.7],
						"3.8": [0.25, -2.81, -4.4],
						"3.8333": [0.16, -2.44, -3.86],
						"3.8667": [0.04, -2.02, -3.18],
						"3.9": [-0.07, -1.6, -2.44],
						"3.9333": [-0.16, -1.22, -1.75],
						"3.9667": [-0.21, -0.93, -1.21],
						"4.0": [-0.19, -0.58, -0.42],
						"4.0333": [-0.08, -0.4, 0.17],
						"4.0667": [0, -0.28, 0.5],
						"4.1": [0.02, -0.17, 0.41],
						"4.1333": [0.01, -0.12, 0.06],
						"4.1667": [0, -0.07, -0.2],
						"4.2": [0, -0.04, -0.19],
						"4.2333": [0, -0.01, -0.09],
						"4.2667": [0, 0, 0],
						"4.3": [0, 0, 0]
					}
				},
				"cip": {
					"rotation": {
						"0.0": [0, 0, 0],
						"1.3333": [0, 0, 0],
						"1.3667": [0, 0, -7],
						"1.5333": [0.57293, -2.94483, -8.01473],
						"1.6333": [0.87785, -2.8688, -14.02198],
						"1.7": [0.57, -2.92, -8.01],
						"1.7667": [0.57, -2.92, -8.01],
						"1.8333": [0.10479, -2.99817, 0.99726],
						"1.9": [0.10479, -2.99817, 0.99726]
					},
					"position": {
						"0.0": [0, 0, 0],
						"1.3333": [0, 0, 0],
						"1.3667": [-3.8, 2.8, -19],
						"1.5333": [-3.1, 5.9, -21.5],
						"1.6333": [-0.9, 8.1, -23.9],
						"1.7": [0, 7.34, -23.9],
						"1.7667": [0, 7.34, -23.9],
						"1.8333": [0.1, 7.2, -23.9],
						"1.9": [0.1, 7.2, -23.9],
						"1.9667": [0.1, 6.6, -23.9]
					}
				},
				"c": {
					"rotation": {
						"3.4667": [0, 0, 0],
						"3.5": [0, 0, 0],
						"3.5333": [17.56513, 12.47843, -22.16589],
						"3.6": [-15.38388, 56.30461, -113.01833],
						"3.6667": [39.85186, 44.44417, -18.89427],
						"3.7667": [36.0225, 24.59715, 25.60138],
						"3.8333": [11.89937, 1.61576, 66.42379],
						"3.9667": [-10.59135, -11.60787, 179.06969]
					},
					"position": {
						"3.4667": [0, 0, 0],
						"3.5": [0, 0, 0],
						"3.5333": [0, 1.6, 0],
						"3.6": [-1.4, 2.9, 2],
						"3.6667": [-4.5, 1.2, 4.7],
						"3.7667": [-5.2, -0.3, 4.7],
						"3.9": [-5.7, -5.4, 4.7],
						"4.0": [-5.7, -10.8, 4.7]
					},
					"scale": {
						"4.0": [1, 1, 1],
						"4.0667": [0, 0, 0]
					}
				},
				"b": {
					"rotation": {
						"0.0": [0, 0, 0],
						"2.1667": [0, 0, 0],
						"3.1333": [-5.00683, 2.98857, -0.2617]
					},
					"position": {
						"0.0": [0, 0, 0],
						"2.1667": [0, 0, 0],
						"2.2667": [0, -1.5, 0],
						"2.3333": [0, -1.5, 0],
						"2.4333": [0, -2.6, 0],
						"2.5667": [0, -2.6, 0],
						"2.6667": [0, -3.5, 0],
						"2.9667": [0, -3.5, 0],
						"3.1333": [-0.1, -3.3, -0.5]
					}
				},
				"bolt": {
					"rotation": [0, 0, 0],
					"position": {
						"0.0": [0, 0, 0],
						"0.5": [0, 0, 0],
						"0.5667": [0, 0, 5.4],
						"3.2667": [0, 0, 5.4],
						"3.3667": [0, 0, 5.6],
						"3.5": [0, 0, 5.6],
						"3.5667": [0, 0, 0]
					}
				},
				"b3": {
					"position": {
						"2.2": [0, 0, 0],
						"2.2333": [0, 0, 0],
						"2.2667": [0.1, 0.2, 0]
					}
				},
				"b4": {
					"position": {
						"2.2667": [0, 0, 0],
						"2.3": [-0.2, 0, 0]
					}
				},
				"b5": {
					"position": {
						"2.3333": [0, 0, 0],
						"2.3667": [0.1, -0.1, 0]
					}
				},
				"b6": {
					"position": {
						"2.3667": [0, 0, 0],
						"2.4": [-0.1, -0.1, 0]
					}
				},
				"b7": {
					"rotation": {
						"0.0": [0, 0, 0],
						"2.4": [0, 0, 0],
						"2.4333": [-6, 0, 0],
						"2.5667": [-6, 0, 0],
						"2.6667": [-2, 0, 0],
						"3.6333": [0, 0, 0]
					},
					"position": {
						"0.0": [0, 0, 0],
						"2.4": [0, 0, 0],
						"2.4333": [0, 0.2, 0],
						"2.5667": [0, 0.2, 0],
						"3.5": [0, 0.2, 0],
						"3.5333": [0, 0.2, -2.8],
						"3.5667": [0, -0.2, -5.7],
						"3.6333": [0, 0, 0]
					},
					"scale": {
						"3.5667": [1, 1, 1],
						"3.6": [0, 0, 0]
					}
				},
				"b1": {
					"rotation": {
						"0.0": [0, 0, 0],
						"0.5333": [0, 0, 0],
						"0.5667": [0, 0, 0],
						"0.6": [-45, 0, -100],
						"0.6667": [-150, 0, -100],
						"0.7333": [-255, 0, -100],
						"0.8": [-385, 0, -100],
						"0.8667": [-527.5, 0, -100]
					},
					"position": {
						"0.0": [-0.2, 0.7, -2.8],
						"0.5333": [-0.2, 0.7, -2.8],
						"0.5667": [-0.2, 0.7, 0],
						"0.6": [-3.1, 2.4, 0],
						"0.6667": [-8.9, 4.4, 0],
						"0.7333": [-21.6, 2.9, 0],
						"0.8": [-40.9, -8.1, 0],
						"0.8667": [-53.2, -20.4, 0]
					},
					"scale": {
						"0.8": [1, 1, 1],
						"0.9": [0, 0, 0]
					}
				},
				"b2": {
					"position": {
						"0.0": [0, 0, 0],
						"0.5667": [0, 0, 0],
						"0.6": [0.2, 0.4, -0.6],
						"0.6333": [0.2, 0.4, -0.4],
						"2.2": [0.2, 0.4, -0.4],
						"2.2333": [0.2, -0.3, -0.4]
					}
				},
				"camera": {
					"rotation": {
						"0.0": {
							"post": [0, 0, 0],
							"lerp_mode": "catmullrom"
						},
						"0.1667": {
							"post": [-0.7, 0, 0],
							"lerp_mode": "catmullrom"
						},
						"0.3333": {
							"post": [-1, 0, 0],
							"lerp_mode": "catmullrom"
						},
						"0.5": {
							"post": [-0.8, 0, 0],
							"lerp_mode": "catmullrom"
						},
						"0.5667": {
							"post": [-2, 0, 0],
							"lerp_mode": "catmullrom"
						},
						"0.6333": {
							"post": [-1.4, 0, 0],
							"lerp_mode": "catmullrom"
						},
						"0.7": {
							"post": [-1, 0, 0],
							"lerp_mode": "catmullrom"
						},
						"0.8333": {
							"post": [0.6, 0, 0],
							"lerp_mode": "catmullrom"
						},
						"0.9667": {
							"post": [4, 0, 0],
							"lerp_mode": "catmullrom"
						},
						"1.1333": {
							"post": [5.2, 0, 0],
							"lerp_mode": "catmullrom"
						},
						"1.3667": {
							"post": [3.7, 0, 0],
							"lerp_mode": "catmullrom"
						},
						"1.5333": {
							"post": [0.5, 0, 0],
							"lerp_mode": "catmullrom"
						},
						"1.6333": {
							"post": [-0.5, 0, 0],
							"lerp_mode": "catmullrom"
						},
						"1.7667": {
							"post": [-0.9, 0, 0],
							"lerp_mode": "catmullrom"
						},
						"1.9": {
							"post": [-0.4, 0, 0],
							"lerp_mode": "catmullrom"
						},
						"2.0333": {
							"post": [-0.6, 0, 0],
							"lerp_mode": "catmullrom"
						},
						"2.2333": {
							"post": [-0.3, 0, 0],
							"lerp_mode": "catmullrom"
						},
						"2.4": {
							"post": [-0.5, 0, 0],
							"lerp_mode": "catmullrom"
						},
						"2.5": {
							"post": [0, 0, 0],
							"lerp_mode": "catmullrom"
						},
						"2.6333": {
							"post": [-0.3, 0, 0],
							"lerp_mode": "catmullrom"
						},
						"2.7667": {
							"post": [-0.5, 0, 0],
							"lerp_mode": "catmullrom"
						},
						"2.9": {
							"post": [-0.7, 0, 0],
							"lerp_mode": "catmullrom"
						},
						"3.1": {
							"post": [0.7, 0, 0],
							"lerp_mode": "catmullrom"
						},
						"3.3": {
							"post": [1, 0, 0],
							"lerp_mode": "catmullrom"
						},
						"3.4333": {
							"post": [-0.2, 0, 0],
							"lerp_mode": "catmullrom"
						},
						"3.5": {
							"post": [-0.6, 0, 0],
							"lerp_mode": "catmullrom"
						},
						"3.5333": {
							"post": [0.17, 0, 0],
							"lerp_mode": "catmullrom"
						},
						"3.5667": {
							"post": [-1.2, 0, 0],
							"lerp_mode": "catmullrom"
						},
						"3.6333": {
							"post": [-0.47, 0, 0],
							"lerp_mode": "catmullrom"
						},
						"3.6667": {
							"post": [0.2, 0, 0],
							"lerp_mode": "catmullrom"
						},
						"3.8": {
							"post": [1.6, 0, 0],
							"lerp_mode": "catmullrom"
						},
						"3.9667": {
							"post": [1.4, 0, 0],
							"lerp_mode": "catmullrom"
						},
						"4.0333": {
							"post": [0.84, 0, 0],
							"lerp_mode": "catmullrom"
						},
						"4.1333": {
							"post": [-0.3, 0, 0],
							"lerp_mode": "catmullrom"
						},
						"4.2667": {
							"post": [0.1, 0, 0],
							"lerp_mode": "catmullrom"
						},
						"4.3667": {
							"post": [0.1, 0, 0],
							"lerp_mode": "catmullrom"
						},
						"4.4333": {
							"post": [-0.01, 0, 0],
							"lerp_mode": "catmullrom"
						},
						"4.5333": {
							"post": [0, 0, 0],
							"lerp_mode": "catmullrom"
						}
					}
				}
			}
		},
		"reload_empty": {
			"animation_length": 4.8333,
			"bones": {
				"L": {
					"rotation": {
						"0.0": [94.13262, -36.74575, -130.79711],
						"0.0833": [116.43091, -20.66184, -167.98066],
						"0.2083": [132.29, -0.09, -194.39],
						"0.2917": {
							"pre": [112.76392, 12.39185, -213.05324],
							"post": [112.76392, 12.39185, -213.05324],
							"lerp_mode": "catmullrom"
						},
						"0.4167": {
							"post": [114.66578, 14.28337, -217.81027],
							"lerp_mode": "catmullrom"
						},
						"0.5": {
							"post": [114.66578, 14.28337, -217.81027],
							"lerp_mode": "catmullrom"
						},
						"0.625": {
							"post": [122.18218, 12.26801, -215.43259],
							"lerp_mode": "catmullrom"
						},
						"0.75": {
							"post": [123.18695, 17.024, -223.33045],
							"lerp_mode": "catmullrom"
						},
						"0.875": {
							"post": [116.35135, 17.10132, -221.73196],
							"lerp_mode": "catmullrom"
						},
						"1.0": [124.68391, 1.88092, -222.69095],
						"2.5": [124.68, 1.88, -222.69],
						"2.5833": [118.7363, -0.04199, -219.1814],
						"2.7083": [118.7363, -0.04199, -219.1814],
						"2.875": [123.56045, 3.31726, -225.32608],
						"2.9167": [114.65642, -7.52815, -205.05773],
						"3.0417": [114.12121, -9.18043, -201.37571],
						"3.1667": [114.12121, -9.18043, -201.37571],
						"3.3333": [108.91356, -20.62914, -174.84629],
						"3.4583": [100.85, -37.57, -142.78],
						"4.1667": [100.85, -37.57, -142.78],
						"4.2917": [98.21593, -31.15979, -137.79829],
						"4.4583": [94.13262, -36.74575, -130.79711]
					},
					"position": {
						"0.0": [7.63, -16.35, -0.07],
						"0.0833": [9, -17.26, 1.13],
						"0.1667": [8.03, -17.18, 2.44],
						"0.2917": {
							"pre": [7.18, -17.73, 6.18],
							"post": [7.18, -17.73, 6.18],
							"lerp_mode": "catmullrom"
						},
						"0.4167": {
							"post": [6.68, -18.33, 7.88],
							"lerp_mode": "catmullrom"
						},
						"0.5": {
							"post": [6.68, -18.33, 7.88],
							"lerp_mode": "catmullrom"
						},
						"0.625": {
							"post": [6.38, -18.73, 7.88],
							"lerp_mode": "catmullrom"
						},
						"0.75": {
							"post": [6.68, -18.93, 7.38],
							"lerp_mode": "catmullrom"
						},
						"0.875": {
							"post": [8.13, -18.03, 5.28],
							"lerp_mode": "catmullrom"
						},
						"1.0": [6.68, -18.93, 2.68],
						"2.5": [6.68, -18.93, 2.68],
						"2.5833": [6.68, -18.83, 2.48],
						"2.7083": [6.68, -18.83, 2.48],
						"2.875": [7.78, -20.83, 2.48],
						"2.9167": [6.68, -19.43, 3.08],
						"3.0417": [6.68, -19.33, 3.08],
						"3.1667": [6.68, -19.33, 3.08],
						"3.3333": [7.78, -20.93, 1.48],
						"3.4583": [7.23, -15.25, 0.83],
						"4.1667": [7.23, -15.25, 0.83],
						"4.2917": [7.73, -16.25, -1.37],
						"4.4583": [7.63, -16.35, -0.07]
					},
					"scale": {
						"0.0": [1, 1.5, 1],
						"4.4583": [1, 1.5, 1]
					}
				},
				"righthand": {
					"rotation": {
						"0.0": [95.42329, 9.77853, -177.09802],
						"3.4167": [95.42, 9.78, -177.1],
						"3.5417": [90.61764, 11.66621, -207.58495],
						"3.6667": [99.66919, 6.58759, -154.59026],
						"3.75": [98.38775, 8.16084, -152.64862],
						"3.875": [96.3374, 9.83409, -136.00229],
						"4.0": [100.43928, 18.67264, -153.38017],
						"4.125": [80.95607, 14.88994, -161.16373],
						"4.2917": [94.54479, 10.21321, -182.15593],
						"4.4583": [95.42329, 9.77853, -177.09802]
					},
					"position": {
						"0.0": [-6.85, -16.2, 15.325],
						"3.4167": [-6.85, -16.2, 15.33],
						"3.5417": [-8.85, -15, 7.23],
						"3.6667": [-9.45, -13.8, 7.23],
						"3.75": [-9.45, -13.8, 7.23],
						"3.875": [-9.45, -14.5, 8.03],
						"4.0": [-12.8, -9.68, 7.5],
						"4.125": [-13.02, -13.74, 11.41],
						"4.2917": [-6.85, -16.2, 15.325],
						"4.4583": [-6.85, -16.2, 15.325]
					},
					"scale": [1, 1.5, 1]
				},
				"constraint": {
					"rotation": [0.1, 0.1, 0.1],
					"position": [0.1, 0.1, 0.5]
				},
				"root": {
					"rotation": {
						"0.0": [0, 0, 0],
						"0.0417": [-1.2, -0.09, -1.08],
						"0.0833": [-2.97, -0.23, -2.69],
						"0.125": [-4.94, -0.37, -4.45],
						"0.1667": [-6.76, -0.47, -6],
						"0.2083": [-8.07, -0.49, -6.98],
						"0.25": [-9.25, -0.1, -7.05],
						"0.2917": [-9.47, 0.47, -5.74],
						"0.3333": [-9.76, 1.04, -4.15],
						"0.375": [-9.88, 1.41, -1.75],
						"0.4167": [-9.93, 1.38, 0.12],
						"0.4583": [-9.95, 1.23, 2.42],
						"0.5": [-9.96, 1.02, 4.57],
						"0.5417": [-9.98, 0.78, 5.99],
						"0.5833": [-10.04, 0.4, 6.63],
						"0.625": [-10.1, -0.04, 6.31],
						"0.6667": [-10.13, -0.36, 5.18],
						"0.7083": [-9.83, -0.37, 2.99],
						"0.75": [-9.5, -0.25, -0.01],
						"0.7917": [-10.04, -0.43, -2.9],
						"0.8333": [-10.96, -0.8, -4.32],
						"0.875": [-12.31, -1.35, -5.9],
						"0.9167": [-13.88, -1.98, -7.46],
						"0.9583": [-15.45, -2.57, -8.8],
						"1.0": [-16.82, -3, -9.71],
						"1.0417": [-17.76, -3.16, -10],
						"1.0833": [-18.35, -2.77, -8.63],
						"1.125": [-18.35, -1.91, -5.8],
						"1.1667": [-18.1, -0.95, -3.03],
						"1.2083": [-17.96, -0.23, -1.86],
						"1.25": [-18.01, 0.11, -4.32],
						"1.2917": [-18.03, 0.22, -8.71],
						"1.3333": [-17.96, 0.58, -11.09],
						"1.375": [-17.87, 2.07, -7.39],
						"1.4167": [-17.09, 3.57, -2.19],
						"1.4583": [-15.5, 4.05, -0.67],
						"1.5": [-13.39, 4.31, 0.17],
						"1.5417": [-11.59, 4.48, 0.68],
						"1.5833": [-10.29, 4.63, 0.96],
						"1.625": [-9.3, 4.69, 0.91],
						"1.6667": [-8.82, 4.65, 0.56],
						"1.7083": [-8.96, 4.55, 0.09],
						"1.75": [-9.46, 4.4, -0.55],
						"1.7917": [-10.09, 4.18, -1.34],
						"1.8333": [-10.6, 3.87, -2.27],
						"1.875": [-11.32, 3.11, -4.19],
						"1.9167": [-11.86, 1.86, -7.25],
						"1.9583": [-12.11, 0.79, -9.87],
						"2.0": [-12.36, -0.56, -13.12],
						"2.0417": [-12.46, -1.87, -16.43],
						"2.0833": [-12.27, -2.86, -19.23],
						"2.125": [-11.79, -3.35, -21.16],
						"2.1667": [-11.05, -3.67, -23.03],
						"2.2083": [-10.21, -3.85, -24.63],
						"2.25": [-9.42, -3.94, -25.74],
						"2.2917": [-8.86, -3.97, -26.16],
						"2.3333": [-8.52, -3.68, -23.37],
						"2.375": [-8.27, -2.9, -19.23],
						"2.4167": [-5.62, 0.06, -15.3],
						"2.4583": [-4.03, 2.2, -11.67],
						"2.5": [-5.25, 1.16, -8.61],
						"2.5417": [-6.91, -0.15, -6.69],
						"2.5833": [-8.06, -0.25, -8.84],
						"2.625": [-8.86, -0.05, -12.21],
						"2.6667": [-9.06, 0, -15.25],
						"2.7083": [-8.96, 0.05, -16.92],
						"2.75": [-8.89, 0.1, -14.89],
						"2.7917": [-8.56, 0.21, -11.53],
						"2.8333": [-7.24, 0.45, -7.49],
						"2.875": [-6.5, 0.9, -5.57],
						"2.9167": [-8.35, 2, -11.44],
						"2.9583": [-10.77, 2.81, -17.12],
						"3.0": [-12.03, 2.56, -16.17],
						"3.0417": [-13.1, 1.92, -13.12],
						"3.0833": [-13.29, 1.17, -9.68],
						"3.125": [-12.37, 0.55, -6.7],
						"3.1667": [-10.74, -0.16, -3.11],
						"3.2083": [-9.05, -0.86, -0.09],
						"3.25": [-7.97, -1.44, 1.22],
						"3.2917": [-7.4, -1.76, -0.16],
						"3.3333": [-7.08, -1.92, -3.4],
						"3.375": [-7.4, -2.16, -6.92],
						"3.4167": [-8.78, -2.71, -9.17],
						"3.4583": [-12.3, -3.72, -9.64],
						"3.5": [-17.41, -5.04, -9.21],
						"3.5417": [-22.08, -6.46, -8.32],
						"3.5833": [-24.25, -7.81, -7.43],
						"3.625": [-21.47, -9.91, -6.39],
						"3.6667": [-15.48, -11.98, -5.08],
						"3.7083": [-10.75, -12.6, -3.23],
						"3.75": [-9.23, -10.19, 0.51],
						"3.7917": [-8.97, -6.34, 4.79],
						"3.8333": [-8.62, -4.34, 5.84],
						"3.875": [-5.66, -12.8, -14.08],
						"3.9167": [-0.85, -19.26, -21.65],
						"3.9583": [3, -18.56, -19.86],
						"4.0": [7.67, -16.59, -16.25],
						"4.0417": [11.39, -14.41, -12.87],
						"4.0833": [13.45, -12.27, -10.46],
						"4.125": [14.55, -9.92, -8.28],
						"4.1667": [14.98, -7.62, -6.22],
						"4.2083": [14.21, -4.18, -3.19],
						"4.25": [12.5, -1.34, -0.6],
						"4.2917": [10.9, 0, 1.34],
						"4.3333": [8.62, 0.61, 2.56],
						"4.375": [4.51, 1.02, 2.93],
						"4.4167": [0.67, 1.12, 2.44],
						"4.4583": [-0.72, 0.87, 0.54],
						"4.5": [-1, 0.5, -1.31],
						"4.5417": [-0.66, 0.21, -1.51],
						"4.5833": [-0.1, 0, -1.1],
						"4.625": [0, -0.04, -0.76],
						"4.6667": [0, -0.02, -0.32],
						"4.7083": [0, 0, 0],
						"4.75": [0.01, 0, 0.08],
						"4.7917": [0, 0, 0.04],
						"4.8333": [0, 0, 0]
					},
					"position": {
						"0.0": [0, 0, 0],
						"0.0417": [0, 0.14, -0.26],
						"0.0833": [0, 0.35, -0.65],
						"0.125": [0, 0.58, -1.08],
						"0.1667": [0, 0.78, -1.46],
						"0.2083": [0, 0.9, -1.7],
						"0.25": [0, 0.91, -1.77],
						"0.2917": [0, 0.83, -1.7],
						"0.3333": [0, 0.71, -1.55],
						"0.375": [0, 0.6, -1.4],
						"0.4167": [0, 0.5, -1.24],
						"0.4583": [0, 0.38, -1.03],
						"0.5": [0, 0.27, -0.84],
						"0.5417": [0, 0.2, -0.7],
						"0.5833": [0, 0.17, -0.65],
						"0.625": [0, 0.19, -0.67],
						"0.6667": [0, 0.2, -0.7],
						"0.7083": [0.01, 0.17, -0.67],
						"0.75": [0.02, 0.13, -0.64],
						"0.7917": [0, 0.2, -0.7],
						"0.8333": [-0.03, 0.31, -0.8],
						"0.875": [-0.07, 0.47, -0.94],
						"0.9167": [-0.12, 0.65, -1.1],
						"0.9583": [-0.18, 0.83, -1.26],
						"1.0": [-0.24, 0.99, -1.4],
						"1.0417": [-0.3, 1.1, -1.5],
						"1.0833": [-0.41, 1.16, -1.56],
						"1.125": [-0.53, 1.15, -1.55],
						"1.1667": [-0.64, 1.12, -1.52],
						"1.2083": [-0.7, 1.1, -1.5],
						"1.25": [-0.68, 1.11, -1.5],
						"1.2917": [-0.59, 1.12, -1.5],
						"1.3333": [-0.52, 1.13, -1.5],
						"1.375": [-0.49, 1.14, -1.5],
						"1.4167": [-0.5, 1.1, -1.5],
						"1.4583": [-0.56, 0.98, -1.5],
						"1.5": [-0.64, 0.82, -1.5],
						"1.5417": [-0.7, 0.7, -1.5],
						"1.5833": [-0.71, 0.68, -1.5],
						"1.625": [-0.73, 0.67, -1.5],
						"1.6667": [-0.73, 0.67, -1.5],
						"1.7083": [-0.74, 0.68, -1.5],
						"1.75": [-0.73, 0.69, -1.5],
						"1.7917": [-0.72, 0.7, -1.5],
						"1.8333": [-0.7, 0.7, -1.5],
						"1.875": [-0.65, 0.7, -1.5],
						"1.9167": [-0.58, 0.71, -1.5],
						"1.9583": [-0.5, 0.72, -1.5],
						"2.0": [-0.42, 0.72, -1.5],
						"2.0417": [-0.35, 0.72, -1.5],
						"2.0833": [-0.3, 0.7, -1.5],
						"2.125": [-0.27, 0.66, -1.5],
						"2.1667": [-0.27, 0.59, -1.5],
						"2.2083": [-0.28, 0.52, -1.5],
						"2.25": [-0.29, 0.45, -1.5],
						"2.2917": [-0.3, 0.4, -1.5],
						"2.3333": [-0.31, 0.33, -1.5],
						"2.375": [-0.3, 0.3, -1.5],
						"2.4167": [-0.2, 0.29, -1.5],
						"2.4583": [-0.1, 0.3, -1.5],
						"2.5": [-0.09, 0.32, -1.5],
						"2.5417": [-0.14, 0.34, -1.5],
						"2.5833": [-0.27, 0.37, -1.5],
						"2.625": [-0.4, 0.4, -1.5],
						"2.6667": [-0.42, 0.43, -1.5],
						"2.7083": [-0.42, 0.46, -1.5],
						"2.75": [-0.41, 0.49, -1.5],
						"2.7917": [-0.4, 0.5, -1.5],
						"2.8333": [-0.41, 0.42, -1.5],
						"2.875": [-0.4, 0.4, -1.5],
						"2.9167": [-0.31, 0.69, -1.5],
						"2.9583": [-0.2, 1, -1.5],
						"3.0": [-0.13, 1.05, -1.47],
						"3.0417": [-0.05, 1.04, -1.45],
						"3.0833": [0, 1, -1.5],
						"3.125": [0.01, 0.99, -1.57],
						"3.1667": [0.01, 0.99, -1.67],
						"3.2083": [0, 0.94, -1.85],
						"3.25": [0, 0.8, -2.2],
						"3.2917": [0.01, 0.64, -2.58],
						"3.3333": [0.03, 0.42, -3.08],
						"3.375": [0.05, 0.18, -3.64],
						"3.4167": [0.07, -0.09, -4.21],
						"3.4583": [0.09, -0.35, -4.71],
						"3.5": [0.1, -0.6, -5.1],
						"3.5417": [0.11, -1.28, -5.69],
						"3.5833": [0.1, -2, -5.9],
						"3.625": [0.1, -2.61, -6.14],
						"3.6667": [0.1, -3.25, -6.27],
						"3.7083": [0.1, -3.7, -5.8],
						"3.75": [0.1, -3.8, -2.97],
						"3.7917": [0.1, -3.7, -0.2],
						"3.8333": [0.09, -3.72, 0.1],
						"3.875": [0.09, -3.74, -0.59],
						"3.9167": [0.1, -3.7, -2.9],
						"3.9583": [0.18, -3.6, -3.73],
						"4.0": [0.28, -3.44, -4.51],
						"4.0417": [0.3, -3.1, -4.7],
						"4.0833": [0.23, -2.74, -4.31],
						"4.125": [0.11, -2.27, -3.6],
						"4.1667": [-0.02, -1.76, -2.73],
						"4.2083": [-0.14, -1.29, -1.88],
						"4.25": [-0.21, -0.93, -1.21],
						"4.2917": [-0.19, -0.58, -0.42],
						"4.3333": [-0.08, -0.4, 0.17],
						"4.375": [0, -0.28, 0.5],
						"4.4167": [0.01, -0.14, 0.24],
						"4.4583": [0, -0.07, -0.2],
						"4.5": [0, -0.03, -0.14],
						"4.5417": [0, 0, 0],
						"4.5833": [0, 0, 0]
					}
				},
				"mag_and_lefthand": {
					"rotation": {
						"1.0833": [0, 0, 0],
						"1.25": [-3.25, 0, 0],
						"1.2917": [-24, 0, 0],
						"1.3333": [-24.73, -0.53, -0.76],
						"1.375": [-39.3042, -7.41335, -10.70908],
						"1.4583": [-18.29879, -3.2902, -42.26674],
						"1.875": [-30.74915, 8.37832, -61.98315],
						"1.9583": [-29.42035, 8.40954, -52.58212],
						"2.0833": [-42, 0, 0],
						"2.1667": [-33, 0, 0],
						"2.25": [-16.5, 0, 0],
						"2.375": [-16.5, 0, 0],
						"2.4583": [0, 0, 0]
					},
					"position": {
						"1.0833": [0, 0, 0],
						"1.25": [0, -0.03125, -0.08125],
						"1.2917": [0, -1.325, -0.5],
						"1.3333": [0.06, -1.51, -0.62],
						"1.375": [0.90303, -4.23487, -3.38844],
						"1.4583": [4.84453, -6.11636, -1.4807],
						"1.5417": [7.56956, -10.66502, 3.12887],
						"1.6667": [9.695, -16.32, 11.95],
						"1.8333": [9.695, -16.32, 11.95],
						"1.875": [6.36956, -15.41502, 4.07887],
						"2.125": [0, -2.75, -1.55],
						"2.1667": [0, -2.55, -1.35],
						"2.25": [0, -1.725, -0.64],
						"2.375": [0, -1.725, -0.64],
						"2.4583": [0, 0, 0]
					}
				},
				"bolt": {
					"position": {
						"0.0": [0, 0, 5.2],
						"3.7083": [0, 0, 5.2],
						"3.8333": [0, 0, 5.7],
						"3.9167": [0, 0, 0.1],
						"4.0": [0, 0, 0.6],
						"4.0833": [0, 0, 0.1],
						"4.125": [0, 0, 0.2],
						"4.1667": [0, 0, 0.1],
						"4.2083": [0, 0, 0]
					}
				},
				"camera": {
					"rotation": {
						"0.0": {
							"post": [0, 0, 0],
							"lerp_mode": "catmullrom"
						},
						"0.1667": {
							"post": [-0.2, 0, 0],
							"lerp_mode": "catmullrom"
						},
						"0.3333": {
							"post": [-0.7, 0, 0],
							"lerp_mode": "catmullrom"
						},
						"0.625": {
							"post": [-0.8, 0, 0],
							"lerp_mode": "catmullrom"
						},
						"0.7083": {
							"post": [-0.63, 0, 0],
							"lerp_mode": "catmullrom"
						},
						"0.8333": {
							"post": [-0.8, 0, 0],
							"lerp_mode": "catmullrom"
						},
						"0.9167": {
							"post": [-0.9, 0, 0],
							"lerp_mode": "catmullrom"
						},
						"1.1667": {
							"post": [-1.1, 0, 0],
							"lerp_mode": "catmullrom"
						},
						"1.2083": {
							"post": [-1.23, 0, 0],
							"lerp_mode": "catmullrom"
						},
						"1.2917": {
							"post": [-2, 0, 0],
							"lerp_mode": "catmullrom"
						},
						"1.4167": {
							"post": [-0.8, 0, 0],
							"lerp_mode": "catmullrom"
						},
						"1.4583": {
							"post": [0.22, 0, 0],
							"lerp_mode": "catmullrom"
						},
						"1.5417": {
							"post": [2.07, 0, 0],
							"lerp_mode": "catmullrom"
						},
						"1.6667": {
							"post": [2.6, 0, 0],
							"lerp_mode": "catmullrom"
						},
						"1.7917": {
							"post": [2.34, 0, 0],
							"lerp_mode": "catmullrom"
						},
						"1.9583": {
							"post": [1.3, 0, 0],
							"lerp_mode": "catmullrom"
						},
						"2.0417": {
							"post": [0.66, 0, 0],
							"lerp_mode": "catmullrom"
						},
						"2.1667": {
							"post": [-0.4, 0, 0],
							"lerp_mode": "catmullrom"
						},
						"2.4167": {
							"post": [-0.7, 0, 0],
							"lerp_mode": "catmullrom"
						},
						"2.4583": {
							"post": [-1.1, 0, 0],
							"lerp_mode": "catmullrom"
						},
						"2.5": {
							"post": [-0.4, 0, 0],
							"lerp_mode": "catmullrom"
						},
						"2.6667": {
							"post": [-0.6, 0, 0],
							"lerp_mode": "catmullrom"
						},
						"2.875": {
							"post": [-0.4, 0, 0],
							"lerp_mode": "catmullrom"
						},
						"2.9583": {
							"post": [-1.3, 0, 0],
							"lerp_mode": "catmullrom"
						},
						"3.0417": {
							"post": [0.3, 0, 0],
							"lerp_mode": "catmullrom"
						},
						"3.125": {
							"post": [0.44, 0, 0],
							"lerp_mode": "catmullrom"
						},
						"3.25": {
							"post": [0.1, 0, 0],
							"lerp_mode": "catmullrom"
						},
						"3.5": {
							"post": [0.4, 0, 0],
							"lerp_mode": "catmullrom"
						},
						"3.6667": {
							"post": [0.3, 0, 0],
							"lerp_mode": "catmullrom"
						},
						"3.7917": {
							"post": [-0.2, 0, 0],
							"lerp_mode": "catmullrom"
						},
						"3.875": {
							"post": [0.5, 0, 0],
							"lerp_mode": "catmullrom"
						},
						"3.9167": {
							"post": [-0.6, 0, 0],
							"lerp_mode": "catmullrom"
						},
						"4.0417": {
							"post": [0.1, 0, 0],
							"lerp_mode": "catmullrom"
						},
						"4.25": {
							"post": [0.4, 0, 0],
							"lerp_mode": "catmullrom"
						},
						"4.4167": {
							"post": [-0.3, 0, 0],
							"lerp_mode": "catmullrom"
						},
						"4.5417": {
							"post": [0.1, 0, 0],
							"lerp_mode": "catmullrom"
						},
						"4.7083": {
							"post": [0, 0, 0],
							"lerp_mode": "catmullrom"
						},
						"4.8333": {
							"post": [0, 0, 0],
							"lerp_mode": "catmullrom"
						}
					}
				},
				"lefthand": {
					"position": {
						"0.0": [0, 0, 0],
						"0.875": [0, 0, 0],
						"1.0": [-0.4, 0.8, -0.5],
						"2.875": [-0.4, 0.8, -0.5],
						"2.9167": [-0.4, 0.8, -1.2],
						"3.2917": [-0.4, 0.8, -1.2],
						"3.5": [0, 0, 0]
					}
				},
				"b1": {
					"scale": {
						"0.0": [0, 0, 0],
						"1.6667": [0, 0, 0],
						"1.7083": [1, 1, 1]
					}
				},
				"b2": {
					"scale": {
						"0.0": [0, 0, 0],
						"1.6667": [0, 0, 0],
						"1.7083": [1, 1, 1]
					}
				}
			}
		},
		"inspect": {
			"animation_length": 6.5,
			"bones": {
				"L": {
					"rotation": {
						"0.0": [94.13262, -36.74575, -130.79711],
						"0.1667": [99.43994, -21.2463, -136.59521],
						"0.2917": [99.11167, -26.93854, -125.24504],
						"2.625": [99.11167, -26.93854, -125.24504],
						"2.7917": [89.06532, -66.85496, -125.88888],
						"5.0833": [89.07, -66.85, -125.89],
						"5.3333": [94.13262, -36.74575, -130.79711]
					},
					"position": {
						"0.0": [7.63, -16.35, -0.07],
						"0.1667": [7.93, -16.05, -1.97],
						"0.2917": [7.93, -16.05, -3.17],
						"2.625": [7.93, -16.05, -3.17],
						"2.7917": [7.63, -15.5375, -2.195],
						"5.0833": [7.63, -15.54, -2.19],
						"5.3333": [7.63, -16.35, -0.07]
					},
					"scale": {
						"0.0": [1, 1.5, 1],
						"2.7917": [1, 1.5, 1]
					}
				},
				"righthand": {
					"rotation": {
						"0.0": [95.42329, 9.77853, -177.09802],
						"2.5417": [95.42, 9.78, -177.1],
						"2.9583": [122.64393, -38.12034, -224.86048],
						"5.0833": [122.64, -38.12, -224.86],
						"5.4167": [95.42329, 9.77853, -177.09802]
					},
					"position": {
						"0.0": [-6.85, -16.2, 15.325],
						"2.5417": [-6.85, -16.2, 15.33],
						"2.9583": [-6.85, -16.8875, 32.205],
						"5.0833": [-6.85, -16.89, 32.21],
						"5.4167": [-6.85, -16.2, 15.325]
					},
					"scale": [1, 1.5, 1]
				},
				"constraint": {
					"rotation": [0.1, 0.1, 0.1],
					"position": [0.1, 0.1, 0.5]
				},
				"bolt": {
					"position": [0, 0, 0]
				},
				"root": {
					"rotation": {
						"0.0": {
							"post": [0, 0, 0],
							"lerp_mode": "catmullrom"
						},
						"0.2083": {
							"post": [0.89256, -0.08103, 12.08445],
							"lerp_mode": "catmullrom"
						},
						"0.4583": {
							"post": [-4.12948, -1.56664, 1.17859],
							"lerp_mode": "catmullrom"
						},
						"0.7083": {
							"post": [-4.4449, -2.87556, -0.90336],
							"lerp_mode": "catmullrom"
						},
						"0.9167": {
							"post": [-3.71, -2.09, -1.34],
							"lerp_mode": "catmullrom"
						},
						"1.0417": {
							"post": [-5.28908, -1.63841, 3.74328],
							"lerp_mode": "catmullrom"
						},
						"1.2083": {
							"post": [-10.00639, 4.42456, 31.48276],
							"lerp_mode": "catmullrom"
						},
						"1.3333": {
							"post": [-7.6148, 5.59295, 47.13156],
							"lerp_mode": "catmullrom"
						},
						"1.5417": {
							"post": [-6.9953, 3.62986, 55.47395],
							"lerp_mode": "catmullrom"
						},
						"1.6667": {
							"post": [-6.95, 1.96, 57.47],
							"lerp_mode": "catmullrom"
						},
						"1.75": {
							"post": [-6.96614, 1.1045, 58.03828],
							"lerp_mode": "catmullrom"
						},
						"1.9583": {
							"post": [-7.02, 1.24, 58.3],
							"lerp_mode": "catmullrom"
						},
						"2.2083": {
							"post": [-6.96614, 1.1045, 58.03828],
							"lerp_mode": "catmullrom"
						},
						"2.2917": {
							"post": [-6.02, -2.37, 54.14],
							"lerp_mode": "catmullrom"
						},
						"2.4167": {
							"post": [-4.9393, -12.79966, 43.1917],
							"lerp_mode": "catmullrom"
						},
						"2.75": {
							"post": [-8.80886, -49.32595, 8.04506],
							"lerp_mode": "catmullrom"
						},
						"3.0": {
							"post": [-5.8, -59.31105, 8.22822],
							"lerp_mode": "catmullrom"
						},
						"3.1667": {
							"post": [-5.8, -59.95376, 9.93143],
							"lerp_mode": "catmullrom"
						},
						"3.4583": {
							"post": [-5.8, -58.7, 12.3875],
							"lerp_mode": "catmullrom"
						},
						"3.7083": {
							"post": [-5.5429, -60.19464, 16.07883],
							"lerp_mode": "catmullrom"
						},
						"4.2083": {
							"post": [-8.06582, -62.71224, 23.8226],
							"lerp_mode": "catmullrom"
						},
						"4.6667": {
							"post": [-8.06582, -62.71224, 23.8226],
							"lerp_mode": "catmullrom"
						},
						"5.0": {
							"post": [-11.14568, -55.71276, 13.20074],
							"lerp_mode": "catmullrom"
						},
						"5.3333": {
							"post": [-16.82322, -28.01824, -13.68501],
							"lerp_mode": "catmullrom"
						},
						"5.5833": {
							"post": [-6.49546, -30.49608, -8.58429],
							"lerp_mode": "catmullrom"
						},
						"5.7917": {
							"post": [-0.55094, -16.86162, 3.54404],
							"lerp_mode": "catmullrom"
						},
						"6.0": {
							"post": [-3.22889, 2.17111, -7.13988],
							"lerp_mode": "catmullrom"
						},
						"6.125": {
							"post": [-1.875, 0.4375, -0.1875],
							"lerp_mode": "catmullrom"
						},
						"6.2083": {
							"post": [-0.43, 0.3325, 3.96],
							"lerp_mode": "catmullrom"
						},
						"6.3333": {
							"post": [0, 0.4375, -0.1875],
							"lerp_mode": "catmullrom"
						},
						"6.5": {
							"post": [0, 0, -0.1875],
							"lerp_mode": "catmullrom"
						},
						"6.6667": {
							"post": [0, 0, 0],
							"lerp_mode": "catmullrom"
						}
					},
					"position": {
						"0.0": {
							"post": [0, 0, 0],
							"lerp_mode": "catmullrom"
						},
						"0.2083": {
							"post": [0.375, -0.8125, 0],
							"lerp_mode": "catmullrom"
						},
						"0.4583": {
							"post": [0.245, -0.59, 0],
							"lerp_mode": "catmullrom"
						},
						"0.7083": {
							"post": [0.1475, -0.59, 0],
							"lerp_mode": "catmullrom"
						},
						"0.9167": {
							"post": [0.17, -0.56, 0],
							"lerp_mode": "catmullrom"
						},
						"1.0417": {
							"post": [0.245, -0.5275, 0],
							"lerp_mode": "catmullrom"
						},
						"1.2083": {
							"post": [1.06, -1.1075, 0],
							"lerp_mode": "catmullrom"
						},
						"1.3333": {
							"post": [0.88, -0.81, 0],
							"lerp_mode": "catmullrom"
						},
						"1.5417": {
							"post": [0.88, -0.81, 0],
							"lerp_mode": "catmullrom"
						},
						"1.75": {
							"post": [0.9, -0.8425, 0],
							"lerp_mode": "catmullrom"
						},
						"2.0": {
							"post": [0.9575, -0.8375, 0],
							"lerp_mode": "catmullrom"
						},
						"2.2083": {
							"post": [0.9, -0.5925, 0],
							"lerp_mode": "catmullrom"
						},
						"2.4167": {
							"post": [0.9425, 0.0025, 0],
							"lerp_mode": "catmullrom"
						},
						"2.75": {
							"post": [4.005, -0.75, -4.5625],
							"lerp_mode": "catmullrom"
						},
						"3.0": {
							"post": [5.255, -1.375, -5.6225],
							"lerp_mode": "catmullrom"
						},
						"3.1667": {
							"post": [5.6575, -1.125, -5.78],
							"lerp_mode": "catmullrom"
						},
						"3.375": {
							"post": [5.6875, -0.76, -5.83],
							"lerp_mode": "catmullrom"
						},
						"3.4583": {
							"post": [5.69, -0.76, -5.85],
							"lerp_mode": "catmullrom"
						},
						"3.7083": {
							"post": [6.19, -0.76, -5.88],
							"lerp_mode": "catmullrom"
						},
						"4.2083": {
							"post": [7.56, -1.135, -6.01],
							"lerp_mode": "catmullrom"
						},
						"4.6667": {
							"post": [7.56, -1.135, -6.01],
							"lerp_mode": "catmullrom"
						},
						"5.0": {
							"post": [4.2525, -0.76, -5.1625],
							"lerp_mode": "catmullrom"
						},
						"5.3333": {
							"post": [4.23784, -0.8627, -2.87038],
							"lerp_mode": "catmullrom"
						},
						"5.5833": {
							"post": [4.59926, -1.44482, -3.43268],
							"lerp_mode": "catmullrom"
						},
						"5.7917": {
							"post": [3.85395, -0.11236, -5.21372],
							"lerp_mode": "catmullrom"
						},
						"6.0": {
							"post": [-0.02, -0.3125, -0.195],
							"lerp_mode": "catmullrom"
						},
						"6.125": {
							"post": [0, -0.125, 0],
							"lerp_mode": "catmullrom"
						},
						"6.3333": {
							"post": [0, 0, 0],
							"lerp_mode": "catmullrom"
						},
						"6.4583": {
							"post": [0, 0, 0],
							"lerp_mode": "catmullrom"
						}
					}
				},
				"camera": {
					"rotation": {
						"0.0": {
							"post": [0, 0, 0],
							"lerp_mode": "catmullrom"
						},
						"0.2917": {
							"post": [0.3125, 0, 0],
							"lerp_mode": "catmullrom"
						},
						"0.625": {
							"post": [-1.065, 0, 0],
							"lerp_mode": "catmullrom"
						},
						"0.9167": {
							"post": [-1.125, 0, 0],
							"lerp_mode": "catmullrom"
						},
						"1.1667": {
							"post": [-0.4325, 0, 0],
							"lerp_mode": "catmullrom"
						},
						"1.4583": {
							"post": [1.7575, 0, 0],
							"lerp_mode": "catmullrom"
						},
						"1.625": {
							"post": [3.32, 0, 0],
							"lerp_mode": "catmullrom"
						},
						"1.875": {
							"post": [3.5725, 0, 0],
							"lerp_mode": "catmullrom"
						},
						"2.25": {
							"post": [2.4525, 0, 0],
							"lerp_mode": "catmullrom"
						},
						"2.4583": {
							"post": [0.6375, 0, 0],
							"lerp_mode": "catmullrom"
						},
						"2.6667": {
							"post": [-0.2975, 0, 0],
							"lerp_mode": "catmullrom"
						},
						"2.9583": {
							"post": [-0.6125, 0.0625, 0],
							"lerp_mode": "catmullrom"
						},
						"3.25": {
							"post": [-0.5475, 0.6875, 0],
							"lerp_mode": "catmullrom"
						},
						"3.6667": {
							"post": [-0.425, 4.8125, 0],
							"lerp_mode": "catmullrom"
						},
						"3.9167": {
							"post": [-0.49, 12.615, 0],
							"lerp_mode": "catmullrom"
						},
						"4.125": {
							"post": [-0.545, 19, 0],
							"lerp_mode": "catmullrom"
						},
						"4.5417": {
							"post": [-0.55, 19.185, 0],
							"lerp_mode": "catmullrom"
						},
						"4.875": {
							"post": [-0.54, 14.095, 0],
							"lerp_mode": "catmullrom"
						},
						"5.0833": {
							"post": [-0.54, -2.8675, 0],
							"lerp_mode": "catmullrom"
						},
						"5.2917": {
							"post": [-0.55, -4.3125, 0],
							"lerp_mode": "catmullrom"
						},
						"5.4167": {
							"post": [-0.73, -2.075, 0],
							"lerp_mode": "catmullrom"
						},
						"5.5833": {
							"post": [-0.8625, -0.5, 0],
							"lerp_mode": "catmullrom"
						},
						"5.8333": {
							"post": [-0.245, 0.75, 0.1875],
							"lerp_mode": "catmullrom"
						},
						"5.9167": {
							"post": [-0.33, 0.88, 0.0775],
							"lerp_mode": "catmullrom"
						},
						"6.0": {
							"post": [-0.37, 0.97, -0.3775],
							"lerp_mode": "catmullrom"
						},
						"6.0833": {
							"post": [-0.365, 0.9375, 0.375],
							"lerp_mode": "catmullrom"
						},
						"6.1667": {
							"post": [-0.22, 0.53, -0.0225],
							"lerp_mode": "catmullrom"
						},
						"6.2917": {
							"post": [0.015, -0.125, 0.0625],
							"lerp_mode": "catmullrom"
						},
						"6.4167": {
							"post": [0.03, -0.005, 0],
							"lerp_mode": "catmullrom"
						},
						"6.5417": {
							"post": [0, 0, 0],
							"lerp_mode": "catmullrom"
						}
					}
				}
			}
		},
		"inspect_empty": {
			"animation_length": 6.5,
			"bones": {
				"L": {
					"rotation": {
						"0.0": [94.13262, -36.74575, -130.79711],
						"0.1667": [99.43994, -21.2463, -136.59521],
						"0.2917": [99.11167, -26.93854, -125.24504],
						"2.625": [99.11167, -26.93854, -125.24504],
						"2.7917": [89.06532, -66.85496, -125.88888],
						"5.0833": [89.07, -66.85, -125.89],
						"5.3333": [94.13262, -36.74575, -130.79711]
					},
					"position": {
						"0.0": [7.63, -16.35, -0.07],
						"0.1667": [7.93, -16.05, -1.97],
						"0.2917": [7.93, -16.05, -3.17],
						"2.625": [7.93, -16.05, -3.17],
						"2.7917": [7.63, -15.5375, -2.195],
						"5.0833": [7.63, -15.54, -2.19],
						"5.3333": [7.63, -16.35, -0.07]
					},
					"scale": {
						"0.0": [1, 1.5, 1],
						"2.7917": [1, 1.5, 1]
					}
				},
				"righthand": {
					"rotation": {
						"0.0": [95.42329, 9.77853, -177.09802],
						"2.5417": [95.42, 9.78, -177.1],
						"2.9583": [122.64393, -38.12034, -224.86048],
						"5.0833": [122.64, -38.12, -224.86],
						"5.4167": [95.42329, 9.77853, -177.09802]
					},
					"position": {
						"0.0": [-6.85, -16.2, 15.325],
						"2.5417": [-6.85, -16.2, 15.33],
						"2.9583": [-6.85, -16.8875, 32.205],
						"5.0833": [-6.85, -16.89, 32.21],
						"5.4167": [-6.85, -16.2, 15.325]
					},
					"scale": [1, 1.5, 1]
				},
				"constraint": {
					"rotation": [0.1, 0.1, 0.1],
					"position": [0.1, 0.1, 0.5]
				},
				"bolt": {
					"position": [0, 0, 5.2]
				},
				"root": {
					"rotation": {
						"0.0": {
							"post": [0, 0, 0],
							"lerp_mode": "catmullrom"
						},
						"0.2083": {
							"post": [0.89256, -0.08103, 12.08445],
							"lerp_mode": "catmullrom"
						},
						"0.4583": {
							"post": [-4.12948, -1.56664, 1.17859],
							"lerp_mode": "catmullrom"
						},
						"0.7083": {
							"post": [-4.4449, -2.87556, -0.90336],
							"lerp_mode": "catmullrom"
						},
						"0.9167": {
							"post": [-3.71, -2.09, -1.34],
							"lerp_mode": "catmullrom"
						},
						"1.0417": {
							"post": [-5.28908, -1.63841, 3.74328],
							"lerp_mode": "catmullrom"
						},
						"1.2083": {
							"post": [-10.00639, 4.42456, 31.48276],
							"lerp_mode": "catmullrom"
						},
						"1.3333": {
							"post": [-7.6148, 5.59295, 47.13156],
							"lerp_mode": "catmullrom"
						},
						"1.5417": {
							"post": [-6.9953, 3.62986, 55.47395],
							"lerp_mode": "catmullrom"
						},
						"1.6667": {
							"post": [-6.95, 1.96, 57.47],
							"lerp_mode": "catmullrom"
						},
						"1.75": {
							"post": [-6.96614, 1.1045, 58.03828],
							"lerp_mode": "catmullrom"
						},
						"1.9583": {
							"post": [-7.02, 1.24, 58.3],
							"lerp_mode": "catmullrom"
						},
						"2.2083": {
							"post": [-6.96614, 1.1045, 58.03828],
							"lerp_mode": "catmullrom"
						},
						"2.2917": {
							"post": [-6.02, -2.37, 54.14],
							"lerp_mode": "catmullrom"
						},
						"2.4167": {
							"post": [-4.9393, -12.79966, 43.1917],
							"lerp_mode": "catmullrom"
						},
						"2.75": {
							"post": [-8.80886, -49.32595, 8.04506],
							"lerp_mode": "catmullrom"
						},
						"3.0": {
							"post": [-5.8, -59.31105, 8.22822],
							"lerp_mode": "catmullrom"
						},
						"3.1667": {
							"post": [-5.8, -59.95376, 9.93143],
							"lerp_mode": "catmullrom"
						},
						"3.4583": {
							"post": [-5.8, -58.7, 12.3875],
							"lerp_mode": "catmullrom"
						},
						"3.7083": {
							"post": [-5.5429, -60.19464, 16.07883],
							"lerp_mode": "catmullrom"
						},
						"4.2083": {
							"post": [-8.06582, -62.71224, 23.8226],
							"lerp_mode": "catmullrom"
						},
						"4.6667": {
							"post": [-8.06582, -62.71224, 23.8226],
							"lerp_mode": "catmullrom"
						},
						"5.0": {
							"post": [-11.14568, -55.71276, 13.20074],
							"lerp_mode": "catmullrom"
						},
						"5.3333": {
							"post": [-16.82322, -28.01824, -13.68501],
							"lerp_mode": "catmullrom"
						},
						"5.5833": {
							"post": [-6.49546, -30.49608, -8.58429],
							"lerp_mode": "catmullrom"
						},
						"5.7917": {
							"post": [-0.55094, -16.86162, 3.54404],
							"lerp_mode": "catmullrom"
						},
						"6.0": {
							"post": [-3.22889, 2.17111, -7.13988],
							"lerp_mode": "catmullrom"
						},
						"6.125": {
							"post": [-1.875, 0.4375, -0.1875],
							"lerp_mode": "catmullrom"
						},
						"6.2083": {
							"post": [-0.43, 0.3325, 3.96],
							"lerp_mode": "catmullrom"
						},
						"6.3333": {
							"post": [0, 0.4375, -0.1875],
							"lerp_mode": "catmullrom"
						},
						"6.5": {
							"post": [0, 0, -0.1875],
							"lerp_mode": "catmullrom"
						},
						"6.6667": {
							"post": [0, 0, 0],
							"lerp_mode": "catmullrom"
						}
					},
					"position": {
						"0.0": {
							"post": [0, 0, 0],
							"lerp_mode": "catmullrom"
						},
						"0.2083": {
							"post": [0.375, -0.8125, 0],
							"lerp_mode": "catmullrom"
						},
						"0.4583": {
							"post": [0.245, -0.59, 0],
							"lerp_mode": "catmullrom"
						},
						"0.7083": {
							"post": [0.1475, -0.59, 0],
							"lerp_mode": "catmullrom"
						},
						"0.9167": {
							"post": [0.17, -0.56, 0],
							"lerp_mode": "catmullrom"
						},
						"1.0417": {
							"post": [0.245, -0.5275, 0],
							"lerp_mode": "catmullrom"
						},
						"1.2083": {
							"post": [1.06, -1.1075, 0],
							"lerp_mode": "catmullrom"
						},
						"1.3333": {
							"post": [0.88, -0.81, 0],
							"lerp_mode": "catmullrom"
						},
						"1.5417": {
							"post": [0.88, -0.81, 0],
							"lerp_mode": "catmullrom"
						},
						"1.75": {
							"post": [0.9, -0.8425, 0],
							"lerp_mode": "catmullrom"
						},
						"2.0": {
							"post": [0.9575, -0.8375, 0],
							"lerp_mode": "catmullrom"
						},
						"2.2083": {
							"post": [0.9, -0.5925, 0],
							"lerp_mode": "catmullrom"
						},
						"2.4167": {
							"post": [0.9425, 0.0025, 0],
							"lerp_mode": "catmullrom"
						},
						"2.75": {
							"post": [4.005, -0.75, -4.5625],
							"lerp_mode": "catmullrom"
						},
						"3.0": {
							"post": [5.255, -1.375, -5.6225],
							"lerp_mode": "catmullrom"
						},
						"3.1667": {
							"post": [5.6575, -1.125, -5.78],
							"lerp_mode": "catmullrom"
						},
						"3.375": {
							"post": [5.6875, -0.76, -5.83],
							"lerp_mode": "catmullrom"
						},
						"3.4583": {
							"post": [5.69, -0.76, -5.85],
							"lerp_mode": "catmullrom"
						},
						"3.7083": {
							"post": [6.19, -0.76, -5.88],
							"lerp_mode": "catmullrom"
						},
						"4.2083": {
							"post": [7.56, -1.135, -6.01],
							"lerp_mode": "catmullrom"
						},
						"4.6667": {
							"post": [7.56, -1.135, -6.01],
							"lerp_mode": "catmullrom"
						},
						"5.0": {
							"post": [4.2525, -0.76, -5.1625],
							"lerp_mode": "catmullrom"
						},
						"5.3333": {
							"post": [4.23784, -0.8627, -2.87038],
							"lerp_mode": "catmullrom"
						},
						"5.5833": {
							"post": [4.59926, -1.44482, -3.43268],
							"lerp_mode": "catmullrom"
						},
						"5.7917": {
							"post": [3.85395, -0.11236, -5.21372],
							"lerp_mode": "catmullrom"
						},
						"6.0": {
							"post": [-0.02, -0.3125, -0.195],
							"lerp_mode": "catmullrom"
						},
						"6.125": {
							"post": [0, -0.125, 0],
							"lerp_mode": "catmullrom"
						},
						"6.3333": {
							"post": [0, 0, 0],
							"lerp_mode": "catmullrom"
						},
						"6.4583": {
							"post": [0, 0, 0],
							"lerp_mode": "catmullrom"
						}
					}
				},
				"camera": {
					"rotation": {
						"0.0": {
							"post": [0, 0, 0],
							"lerp_mode": "catmullrom"
						},
						"0.2917": {
							"post": [0.3125, 0, 0],
							"lerp_mode": "catmullrom"
						},
						"0.625": {
							"post": [-1.065, 0, 0],
							"lerp_mode": "catmullrom"
						},
						"0.9167": {
							"post": [-1.125, 0, 0],
							"lerp_mode": "catmullrom"
						},
						"1.1667": {
							"post": [-0.4325, 0, 0],
							"lerp_mode": "catmullrom"
						},
						"1.4583": {
							"post": [1.7575, 0, 0],
							"lerp_mode": "catmullrom"
						},
						"1.625": {
							"post": [3.32, 0, 0],
							"lerp_mode": "catmullrom"
						},
						"1.875": {
							"post": [3.5725, 0, 0],
							"lerp_mode": "catmullrom"
						},
						"2.25": {
							"post": [2.4525, 0, 0],
							"lerp_mode": "catmullrom"
						},
						"2.4583": {
							"post": [0.6375, 0, 0],
							"lerp_mode": "catmullrom"
						},
						"2.6667": {
							"post": [-0.2975, 0, 0],
							"lerp_mode": "catmullrom"
						},
						"2.9583": {
							"post": [-0.6125, 0.0625, 0],
							"lerp_mode": "catmullrom"
						},
						"3.25": {
							"post": [-0.5475, 0.6875, 0],
							"lerp_mode": "catmullrom"
						},
						"3.6667": {
							"post": [-0.425, 4.8125, 0],
							"lerp_mode": "catmullrom"
						},
						"3.9167": {
							"post": [-0.49, 12.615, 0],
							"lerp_mode": "catmullrom"
						},
						"4.125": {
							"post": [-0.545, 19, 0],
							"lerp_mode": "catmullrom"
						},
						"4.5417": {
							"post": [-0.55, 19.185, 0],
							"lerp_mode": "catmullrom"
						},
						"4.875": {
							"post": [-0.54, 14.095, 0],
							"lerp_mode": "catmullrom"
						},
						"5.0833": {
							"post": [-0.54, -2.8675, 0],
							"lerp_mode": "catmullrom"
						},
						"5.2917": {
							"post": [-0.55, -4.3125, 0],
							"lerp_mode": "catmullrom"
						},
						"5.4167": {
							"post": [-0.73, -2.075, 0],
							"lerp_mode": "catmullrom"
						},
						"5.5833": {
							"post": [-0.8625, -0.5, 0],
							"lerp_mode": "catmullrom"
						},
						"5.8333": {
							"post": [-0.245, 0.75, 0.1875],
							"lerp_mode": "catmullrom"
						},
						"5.9167": {
							"post": [-0.33, 0.88, 0.0775],
							"lerp_mode": "catmullrom"
						},
						"6.0": {
							"post": [-0.37, 0.97, -0.3775],
							"lerp_mode": "catmullrom"
						},
						"6.0833": {
							"post": [-0.365, 0.9375, 0.375],
							"lerp_mode": "catmullrom"
						},
						"6.1667": {
							"post": [-0.22, 0.53, -0.0225],
							"lerp_mode": "catmullrom"
						},
						"6.2917": {
							"post": [0.015, -0.125, 0.0625],
							"lerp_mode": "catmullrom"
						},
						"6.4167": {
							"post": [0.03, -0.005, 0],
							"lerp_mode": "catmullrom"
						},
						"6.5417": {
							"post": [0, 0, 0],
							"lerp_mode": "catmullrom"
						}
					}
				}
			}
		},
		"melee_stock": {
			"animation_length": 1.6333,
			"bones": {
				"L": {
					"rotation": {
						"0.0": [94.13262, -36.74575, -130.79711],
						"0.2083": [90.65314, -33.27002, -156.87032],
						"0.375": [-83.04436, -59.75636, -44.93375],
						"0.9167": [94.13262, -36.74575, -130.79711],
						"1.125": [94.13262, -36.74575, -130.79711]
					},
					"position": {
						"0.0": [7.63, -16.35, -0.07],
						"0.2083": [6.83619, -14.40254, -9.0999],
						"0.375": [5.93852, -11.4087, -5.35537],
						"0.9167": [7.63, -16.35, -3.27],
						"1.125": [7.63, -16.35, -0.07]
					},
					"scale": [1, 1.5, 1]
				},
				"righthand": {
					"rotation": {
						"0.0": [95.42329, 9.77853, -177.09802],
						"0.375": [-14.86034, 11.56756, -138.43438],
						"0.75": [-14.86, 11.57, -138.43],
						"0.9167": [95.42329, 9.77853, -177.09802]
					},
					"position": {
						"0.0": [-6.85, -16.2, 15.325],
						"0.375": [-6.49941, -15.46079, 18.87553],
						"0.75": [-5.46116, -14.17522, 12.25133],
						"0.9167": [-6.85, -16.2, 15.325]
					},
					"scale": [1, 1.5, 1]
				},
				"constraint": {
					"rotation": [0.1, 0.1, 0.1],
					"position": [0.1, 0.1, 0.5]
				},
				"bolt": {
					"position": [0, 0, 0]
				},
				"root": {
					"rotation": {
						"0.0": [0, 0, 0],
						"0.0417": [3.18, -4.13, -0.42],
						"0.0833": [5.72, -9.64, 0.26],
						"0.125": [-5.86, -12.41, 10.03],
						"0.1667": [-26.29, -11.23, 24.54],
						"0.2083": [-55.81, -8.37, 45.02],
						"0.25": [-88.41, -4.87, 67.42],
						"0.2917": [-118.05, -1.78, 87.66],
						"0.3333": [-138.71, -0.13, 101.69],
						"0.375": [-151.64, 0.07, 110.7],
						"0.4167": [-150.8, -1.82, 109.98],
						"0.4583": [-147.78, -6.57, 105.9],
						"0.5": [-149.06, -14.46, 102.57],
						"0.5417": [-150.5, -25.44, 97.59],
						"0.5833": [-147.92, -35.07, 90.24],
						"0.625": [-137.12, -38.9, 79.78],
						"0.6667": [-126.67, -37.37, 72.56],
						"0.7083": [-112.45, -33.75, 63.59],
						"0.75": [-95.71, -28.64, 53.48],
						"0.7917": [-77.67, -22.66, 42.86],
						"0.8333": [-59.57, -16.41, 32.36],
						"0.875": [-42.67, -10.5, 22.61],
						"0.9167": [-28.19, -5.53, 14.24],
						"0.9583": [-17.39, -2.12, 7.86],
						"1.0": [-7.1, 0.56, 1.55],
						"1.0417": [-2.28, 1.33, -1.57],
						"1.0833": [-0.87, 0.97, -2.61],
						"1.125": [-0.8, 0.27, -2.72],
						"1.1667": [0, 0, -3],
						"1.2083": [1.68, 0.14, -2.84],
						"1.25": [1.55, 0.04, -1.1],
						"1.2917": [1.08, -0.05, 0.4],
						"1.3333": [0.07, -0.03, 1.33],
						"1.375": [-0.95, 0, 1.64],
						"1.4167": [-0.82, 0, 1.25],
						"1.4583": [-0.36, 0, 0.53],
						"1.5": [0, 0, 0],
						"1.5417": [0.07, 0, -0.12],
						"1.5833": [0.04, 0, -0.06],
						"1.625": [0, 0, 0]
					},
					"position": {
						"0.0": [0, 0, 0],
						"0.0417": [0.38, -0.5, 0],
						"0.0833": [0.93, -1.2, -0.03],
						"0.125": [1.5, -1.7, -0.3],
						"0.1667": [1.8, -1.79, -0.68],
						"0.2083": [2.09, -1.78, -1.2],
						"0.25": [2.4, -1.72, -1.78],
						"0.2917": [2.76, -1.67, -2.31],
						"0.3333": [3.2, -1.7, -2.7],
						"0.375": [4.28, -1.8, -3.03],
						"0.4167": [5.52, -2, -3.14],
						"0.4583": [6.4, -2.6, -3.2],
						"0.5": [6.77, -3.74, -3.29],
						"0.5417": [6.99, -5.33, -3.37],
						"0.5833": [6.92, -6.68, -3.37],
						"0.625": [6.4, -7.1, -3.2],
						"0.6667": [5.87, -6.75, -3.02],
						"0.7083": [5.13, -6.05, -2.77],
						"0.75": [4.24, -5.11, -2.47],
						"0.7917": [3.27, -4.03, -2.14],
						"0.8333": [2.31, -2.91, -1.8],
						"0.875": [1.41, -1.86, -1.48],
						"0.9167": [0.66, -0.98, -1.19],
						"0.9583": [0.13, -0.38, -0.95],
						"1.0": [-0.29, 0.06, -0.65],
						"1.0417": [-0.37, 0.12, -0.4],
						"1.0833": [-0.25, -0.03, -0.2],
						"1.125": [-0.08, -0.23, -0.05],
						"1.1667": [0, -0.3, 0.05],
						"1.2083": [-0.01, -0.2, 0.06],
						"1.25": [0, -0.08, -0.06],
						"1.2917": [0, 0.02, -0.14],
						"1.3333": [0, 0.07, -0.11],
						"1.375": [0, 0.1, -0.04],
						"1.4167": [0, 0.12, 0.04],
						"1.4583": [0, 0.12, 0.08],
						"1.5": [0, 0.1, 0.08],
						"1.5417": [0, 0.07, 0.05],
						"1.5833": [0, 0.03, 0.02],
						"1.625": [0, 0, 0]
					}
				},
				"camera": {
					"rotation": {
						"0.0": [0, 0, 0],
						"0.0417": [0.14, 0, -0.05],
						"0.0833": [0.37, 0, -0.12],
						"0.125": [0.63, 0, -0.21],
						"0.1667": [0.85, 0, -0.28],
						"0.2083": [1, 0, -0.32],
						"0.25": [1, 0, -0.3],
						"0.2917": [0.49, 0, 0],
						"0.3333": [-0.35, 0, 0.43],
						"0.375": [-1, 0, 0.6],
						"0.4167": [-1.26, 0, -0.17],
						"0.4583": [-1.26, 0, -0.86],
						"0.5": [-1.28, 0, -0.5],
						"0.5417": [-1.26, 0, 0.18],
						"0.5833": [-1.2, 0, 0.6],
						"0.625": [-1.09, 0, 0.43],
						"0.6667": [-0.93, 0, -0.01],
						"0.7083": [-0.77, 0, -0.28],
						"0.75": [-0.61, 0, -0.16],
						"0.7917": [-0.45, 0, 0.13],
						"0.8333": [-0.3, 0, 0.3],
						"0.875": [-0.21, 0, 0.25],
						"0.9167": [-0.13, 0, 0.12],
						"0.9583": [-0.06, 0, -0.03],
						"1.0": [0, 0, -0.1],
						"1.0417": [0.06, 0, -0.03],
						"1.0833": [0.09, 0, 0.12],
						"1.125": [0.1, 0, 0.2],
						"1.1667": [0.08, 0, 0.13],
						"1.2083": [0.03, 0, -0.01],
						"1.25": [0, 0, -0.1],
						"1.2917": [-0.01, 0, -0.1],
						"1.3333": [-0.01, 0, -0.07],
						"1.375": [0, 0, -0.03],
						"1.4167": [0, 0, 0],
						"1.4583": [0, 0, 0.01],
						"1.5": [0, 0, 0.01],
						"1.5417": [0, 0, 0],
						"1.5833": [0, 0, 0]
					}
				}
			}
		},
		"melee_bayonet_1": {
			"animation_length": 1.3333,
			"bones": {
				"L": {
					"rotation": {
						"0.0": [94.13262, -36.74575, -130.79711],
						"0.125": [108.36957, -30.17278, -137.2237],
						"0.4167": [108.36957, -30.17278, -137.2237],
						"0.5833": [94.13262, -36.74575, -130.79711]
					},
					"position": {
						"0.0": [7.63, -16.35, -0.07],
						"0.125": [7.13, -16.35, -1.97],
						"0.4167": [7.13, -16.35, -1.97],
						"0.5833": [7.63, -16.35, -0.07]
					},
					"scale": [1, 1.5, 1]
				},
				"righthand": {
					"rotation": {
						"0.0": [95.42329, 9.77853, -177.09802],
						"0.125": [99.88856, 21.22516, -164.031],
						"0.4167": [99.88856, 21.22516, -164.031],
						"0.5417": [95.42329, 9.77853, -177.09802]
					},
					"position": {
						"0.0": [-6.85, -16.2, 15.325],
						"0.125": [-6.45, -15.8, 15.73],
						"0.4167": [-6.45, -15.8, 15.73],
						"0.5417": [-6.85, -16.2, 15.325]
					},
					"scale": [1, 1.5, 1]
				},
				"constraint": {
					"rotation": [0.1, 0.1, 0.1],
					"position": [0.1, 0.1, 0.5]
				},
				"bolt": {
					"position": [0, 0, 0]
				},
				"root": {
					"rotation": {
						"0.0": [0, 0, 0],
						"0.0417": [0.87, -0.68, 2.45],
						"0.0833": [2.06, -1.64, 5.89],
						"0.125": [2.9, -2.47, 8.89],
						"0.1667": [2.93, -3.24, 11.86],
						"0.2083": [2.6, -3.7, 13.84],
						"0.25": [2.54, -3.75, 14.84],
						"0.2917": [2.61, -3.62, 14.76],
						"0.3333": [2.72, -3.44, 14.58],
						"0.375": [2.78, -3.15, 14.04],
						"0.4167": [2.66, -2.66, 12.88],
						"0.4583": [2.4, -2.01, 11.23],
						"0.5": [2.01, -1.13, 9],
						"0.5417": [1.55, -0.21, 6.54],
						"0.5833": [1.09, 0.6, 4.24],
						"0.625": [0.67, 1.12, 2.44],
						"0.6667": [-0.34, 1.08, -0.1],
						"0.7083": [-1, 0.5, -1.31],
						"0.75": [-0.66, 0.21, -1.51],
						"0.7917": [-0.1, 0, -1.1],
						"0.8333": [0, -0.04, -0.76],
						"0.875": [0, -0.02, -0.32],
						"0.9167": [0, 0, 0],
						"0.9583": [0.01, 0, 0.08],
						"1.0": [0, 0, 0.04],
						"1.0417": [0, 0, 0]
					},
					"position": {
						"0.0": [0, 0, 0],
						"0.0417": [-0.1, 0, 0.63],
						"0.0833": [-0.25, 0, 1.52],
						"0.125": [-0.4, 0, 2.3],
						"0.1667": [-0.63, 0, 3.84],
						"0.2083": [-0.8, 0, 3.6],
						"0.25": [-0.85, 0, -2.34],
						"0.2917": [-0.8, 0, -8.4],
						"0.3333": [-0.7, 0.01, -9.52],
						"0.375": [-0.55, 0.02, -9.27],
						"0.4167": [-0.4, 0, -8.1],
						"0.4583": [-0.29, -0.06, -6.32],
						"0.5": [-0.18, -0.15, -3.74],
						"0.5417": [-0.07, -0.23, -1.19],
						"0.5833": [0, -0.28, 0.5],
						"0.625": [0.03, -0.2, 0.68],
						"0.6667": [0, -0.07, -0.2],
						"0.7083": [0, -0.03, -0.14],
						"0.75": [0, 0, 0],
						"0.7917": [0, 0, 0]
					}
				},
				"lefthand_pos": {
					"rotation": [0, 0, 0]
				},
				"camera": {
					"rotation": {
						"0.0": [0, 0, 0],
						"0.0833": [-0.35, 0, 0.43],
						"0.125": [-1, 0, 0.6],
						"0.1667": [-1.26, 0, -0.17],
						"0.2083": [-1.26, 0, -0.86],
						"0.25": [-1.28, 0, -0.5],
						"0.2917": [-1.26, 0, 0.18],
						"0.3333": [-1.2, 0, 0.6],
						"0.375": [-1.09, 0, 0.43],
						"0.4167": [-0.93, 0, -0.01],
						"0.4583": [-0.77, 0, -0.28],
						"0.5": [-0.61, 0, -0.16],
						"0.5417": [-0.45, 0, 0.13],
						"0.5833": [-0.3, 0, 0.3],
						"0.625": [-0.21, 0, 0.25],
						"0.6667": [-0.13, 0, 0.12],
						"0.7083": [-0.06, 0, -0.03],
						"0.75": [0, 0, -0.1],
						"0.7917": [0.06, 0, -0.03],
						"0.8333": [0.09, 0, 0.12],
						"0.875": [0.1, 0, 0.2],
						"0.9167": [0.08, 0, 0.13],
						"0.9583": [0.03, 0, -0.01],
						"1.0": [0, 0, -0.1],
						"1.0417": [-0.01, 0, -0.1],
						"1.0833": [-0.01, 0, -0.07],
						"1.125": [0, 0, -0.03],
						"1.1667": [0, 0, 0],
						"1.2083": [0, 0, 0.01],
						"1.25": [0, 0, 0.01],
						"1.2917": [0, 0, 0],
						"1.3333": [0, 0, 0]
					},
					"position": {
						"0.0": [0, 0, 0],
						"0.0417": [0, 0, 0],
						"0.0833": [0, 0, 0],
						"0.125": [0, 0, 0],
						"0.1667": [0, 0, 0],
						"0.2083": [0, 0, 0],
						"0.25": [0, 0, 0],
						"0.2917": [0, 0, 0],
						"0.3333": [0, 0, 0],
						"0.375": [0, 0, 0],
						"0.4167": [0, 0, 0],
						"0.4583": [0, 0, 0],
						"0.5": [0, 0, 0],
						"0.5417": [0, 0, 0],
						"0.5833": [0, 0, 0],
						"0.625": [0, 0, 0],
						"0.6667": [0, 0, 0],
						"0.7083": [0, 0, 0],
						"0.75": [0, 0, 0],
						"0.7917": [0, 0, 0],
						"0.8333": [0, 0, 0],
						"0.875": [0, 0, 0],
						"0.9167": [0, 0, 0],
						"0.9583": [0, 0, 0],
						"1.0": [0, 0, 0],
						"1.0417": [0, 0, 0],
						"1.0833": [0, 0, 0],
						"1.125": [0, 0, 0],
						"1.1667": [0, 0, 0],
						"1.2083": [0, 0, 0],
						"1.25": [0, 0, 0],
						"1.2917": [0, 0, 0],
						"1.3333": [0, 0, 0]
					}
				}
			}
		},
		"melee_bayonet_2": {
			"animation_length": 1.3333,
			"bones": {
				"L": {
					"rotation": {
						"0.0": [94.13262, -36.74575, -130.79711],
						"0.125": [108.36957, -30.17278, -137.2237],
						"0.4167": [108.36957, -30.17278, -137.2237],
						"0.5833": [94.13262, -36.74575, -130.79711]
					},
					"position": {
						"0.0": [7.63, -16.35, -0.07],
						"0.125": [7.13, -16.35, -1.97],
						"0.4167": [7.13, -16.35, -1.97],
						"0.5833": [7.63, -16.35, -0.07]
					},
					"scale": [1, 1.5, 1]
				},
				"righthand": {
					"rotation": {
						"0.0": [95.42329, 9.77853, -177.09802],
						"0.125": [99.88856, 21.22516, -164.031],
						"0.4167": [99.88856, 21.22516, -164.031],
						"0.5417": [95.42329, 9.77853, -177.09802]
					},
					"position": {
						"0.0": [-6.85, -16.2, 15.325],
						"0.125": [-6.45, -15.8, 15.73],
						"0.4167": [-6.45, -15.8, 15.73],
						"0.5417": [-6.85, -16.2, 15.325]
					},
					"scale": [1, 1.5, 1]
				},
				"constraint": {
					"rotation": [0.1, 0.1, 0.1],
					"position": [0.1, 0.1, 0.5]
				},
				"bolt": {
					"position": [0, 0, 0]
				},
				"root": {
					"rotation": {
						"0.0": [0, 0, 0],
						"0.0417": [0.87, -0.68, 2.45],
						"0.0833": [2.06, -1.64, 5.89],
						"0.125": [2.9, -2.47, 8.89],
						"0.1667": [2.93, -3.24, 11.86],
						"0.2083": [2.6, -3.7, 13.84],
						"0.25": [2.54, -3.75, 14.84],
						"0.2917": [2.61, -3.62, 14.76],
						"0.3333": [2.72, -3.44, 14.58],
						"0.375": [2.78, -3.15, 14.04],
						"0.4167": [2.66, -2.66, 12.88],
						"0.4583": [2.4, -2.01, 11.23],
						"0.5": [2.01, -1.13, 9],
						"0.5417": [1.55, -0.21, 6.54],
						"0.5833": [1.09, 0.6, 4.24],
						"0.625": [0.67, 1.12, 2.44],
						"0.6667": [-0.34, 1.08, -0.1],
						"0.7083": [-1, 0.5, -1.31],
						"0.75": [-0.66, 0.21, -1.51],
						"0.7917": [-0.1, 0, -1.1],
						"0.8333": [0, -0.04, -0.76],
						"0.875": [0, -0.02, -0.32],
						"0.9167": [0, 0, 0],
						"0.9583": [0.01, 0, 0.08],
						"1.0": [0, 0, 0.04],
						"1.0417": [0, 0, 0]
					},
					"position": {
						"0.0": [0, 0, 0],
						"0.0417": [-0.1, 0, 0.63],
						"0.0833": [-0.25, 0, 1.52],
						"0.125": [-0.4, 0, 2.3],
						"0.1667": [-0.63, 0, 3.84],
						"0.2083": [-0.8, 0, 3.6],
						"0.25": [-0.85, 0, -2.34],
						"0.2917": [-0.8, 0, -8.4],
						"0.3333": [-0.7, 0.01, -9.52],
						"0.375": [-0.55, 0.02, -9.27],
						"0.4167": [-0.4, 0, -8.1],
						"0.4583": [-0.29, -0.06, -6.32],
						"0.5": [-0.18, -0.15, -3.74],
						"0.5417": [-0.07, -0.23, -1.19],
						"0.5833": [0, -0.28, 0.5],
						"0.625": [0.03, -0.2, 0.68],
						"0.6667": [0, -0.07, -0.2],
						"0.7083": [0, -0.03, -0.14],
						"0.75": [0, 0, 0],
						"0.7917": [0, 0, 0]
					}
				},
				"lefthand_pos": {
					"rotation": [0, 0, 0]
				},
				"camera": {
					"rotation": {
						"0.0": [0, 0, 0],
						"0.0833": [-0.35, 0, 0.43],
						"0.125": [-1, 0, 0.6],
						"0.1667": [-1.26, 0, -0.17],
						"0.2083": [-1.26, 0, -0.86],
						"0.25": [-1.28, 0, -0.5],
						"0.2917": [-1.26, 0, 0.18],
						"0.3333": [-1.2, 0, 0.6],
						"0.375": [-1.09, 0, 0.43],
						"0.4167": [-0.93, 0, -0.01],
						"0.4583": [-0.77, 0, -0.28],
						"0.5": [-0.61, 0, -0.16],
						"0.5417": [-0.45, 0, 0.13],
						"0.5833": [-0.3, 0, 0.3],
						"0.625": [-0.21, 0, 0.25],
						"0.6667": [-0.13, 0, 0.12],
						"0.7083": [-0.06, 0, -0.03],
						"0.75": [0, 0, -0.1],
						"0.7917": [0.06, 0, -0.03],
						"0.8333": [0.09, 0, 0.12],
						"0.875": [0.1, 0, 0.2],
						"0.9167": [0.08, 0, 0.13],
						"0.9583": [0.03, 0, -0.01],
						"1.0": [0, 0, -0.1],
						"1.0417": [-0.01, 0, -0.1],
						"1.0833": [-0.01, 0, -0.07],
						"1.125": [0, 0, -0.03],
						"1.1667": [0, 0, 0],
						"1.2083": [0, 0, 0.01],
						"1.25": [0, 0, 0.01],
						"1.2917": [0, 0, 0],
						"1.3333": [0, 0, 0]
					},
					"position": {
						"0.0": [0, 0, 0],
						"0.0417": [0, 0, 0],
						"0.0833": [0, 0, 0],
						"0.125": [0, 0, 0],
						"0.1667": [0, 0, 0],
						"0.2083": [0, 0, 0],
						"0.25": [0, 0, 0],
						"0.2917": [0, 0, 0],
						"0.3333": [0, 0, 0],
						"0.375": [0, 0, 0],
						"0.4167": [0, 0, 0],
						"0.4583": [0, 0, 0],
						"0.5": [0, 0, 0],
						"0.5417": [0, 0, 0],
						"0.5833": [0, 0, 0],
						"0.625": [0, 0, 0],
						"0.6667": [0, 0, 0],
						"0.7083": [0, 0, 0],
						"0.75": [0, 0, 0],
						"0.7917": [0, 0, 0],
						"0.8333": [0, 0, 0],
						"0.875": [0, 0, 0],
						"0.9167": [0, 0, 0],
						"0.9583": [0, 0, 0],
						"1.0": [0, 0, 0],
						"1.0417": [0, 0, 0],
						"1.0833": [0, 0, 0],
						"1.125": [0, 0, 0],
						"1.1667": [0, 0, 0],
						"1.2083": [0, 0, 0],
						"1.25": [0, 0, 0],
						"1.2917": [0, 0, 0],
						"1.3333": [0, 0, 0]
					}
				}
			}
		},
		"melee_bayonet_3": {
			"animation_length": 1.3333,
			"bones": {
				"L": {
					"rotation": {
						"0.0": [94.13262, -36.74575, -130.79711],
						"0.125": [108.36957, -30.17278, -137.2237],
						"0.4167": [108.36957, -30.17278, -137.2237],
						"0.5833": [94.13262, -36.74575, -130.79711]
					},
					"position": {
						"0.0": [7.63, -16.35, -0.07],
						"0.125": [7.13, -16.35, -1.97],
						"0.4167": [7.13, -16.35, -1.97],
						"0.5833": [7.63, -16.35, -0.07]
					},
					"scale": [1, 1.5, 1]
				},
				"righthand": {
					"rotation": {
						"0.0": [95.42329, 9.77853, -177.09802],
						"0.125": [99.88856, 21.22516, -164.031],
						"0.4167": [99.88856, 21.22516, -164.031],
						"0.5417": [95.42329, 9.77853, -177.09802]
					},
					"position": {
						"0.0": [-6.85, -16.2, 15.325],
						"0.125": [-6.45, -15.8, 15.73],
						"0.4167": [-6.45, -15.8, 15.73],
						"0.5417": [-6.85, -16.2, 15.325]
					},
					"scale": [1, 1.5, 1]
				},
				"constraint": {
					"rotation": [0.1, 0.1, 0.1],
					"position": [0.1, 0.1, 0.5]
				},
				"bolt": {
					"position": [0, 0, 0]
				},
				"root": {
					"rotation": {
						"0.0": [0, 0, 0],
						"0.0417": [0.87, -0.68, 2.45],
						"0.0833": [2.06, -1.64, 5.89],
						"0.125": [2.9, -2.47, 8.89],
						"0.1667": [2.93, -3.24, 11.86],
						"0.2083": [2.6, -3.7, 13.84],
						"0.25": [2.54, -3.75, 14.84],
						"0.2917": [2.61, -3.62, 14.76],
						"0.3333": [2.72, -3.44, 14.58],
						"0.375": [2.78, -3.15, 14.04],
						"0.4167": [2.66, -2.66, 12.88],
						"0.4583": [2.4, -2.01, 11.23],
						"0.5": [2.01, -1.13, 9],
						"0.5417": [1.55, -0.21, 6.54],
						"0.5833": [1.09, 0.6, 4.24],
						"0.625": [0.67, 1.12, 2.44],
						"0.6667": [-0.34, 1.08, -0.1],
						"0.7083": [-1, 0.5, -1.31],
						"0.75": [-0.66, 0.21, -1.51],
						"0.7917": [-0.1, 0, -1.1],
						"0.8333": [0, -0.04, -0.76],
						"0.875": [0, -0.02, -0.32],
						"0.9167": [0, 0, 0],
						"0.9583": [0.01, 0, 0.08],
						"1.0": [0, 0, 0.04],
						"1.0417": [0, 0, 0]
					},
					"position": {
						"0.0": [0, 0, 0],
						"0.0417": [-0.1, 0, 0.63],
						"0.0833": [-0.25, 0, 1.52],
						"0.125": [-0.4, 0, 2.3],
						"0.1667": [-0.63, 0, 3.84],
						"0.2083": [-0.8, 0, 3.6],
						"0.25": [-0.85, 0, -2.34],
						"0.2917": [-0.8, 0, -8.4],
						"0.3333": [-0.7, 0.01, -9.52],
						"0.375": [-0.55, 0.02, -9.27],
						"0.4167": [-0.4, 0, -8.1],
						"0.4583": [-0.29, -0.06, -6.32],
						"0.5": [-0.18, -0.15, -3.74],
						"0.5417": [-0.07, -0.23, -1.19],
						"0.5833": [0, -0.28, 0.5],
						"0.625": [0.03, -0.2, 0.68],
						"0.6667": [0, -0.07, -0.2],
						"0.7083": [0, -0.03, -0.14],
						"0.75": [0, 0, 0],
						"0.7917": [0, 0, 0]
					}
				},
				"lefthand_pos": {
					"rotation": [0, 0, 0]
				},
				"camera": {
					"rotation": {
						"0.0": [0, 0, 0],
						"0.0833": [-0.35, 0, 0.43],
						"0.125": [-1, 0, 0.6],
						"0.1667": [-1.26, 0, -0.17],
						"0.2083": [-1.26, 0, -0.86],
						"0.25": [-1.28, 0, -0.5],
						"0.2917": [-1.26, 0, 0.18],
						"0.3333": [-1.2, 0, 0.6],
						"0.375": [-1.09, 0, 0.43],
						"0.4167": [-0.93, 0, -0.01],
						"0.4583": [-0.77, 0, -0.28],
						"0.5": [-0.61, 0, -0.16],
						"0.5417": [-0.45, 0, 0.13],
						"0.5833": [-0.3, 0, 0.3],
						"0.625": [-0.21, 0, 0.25],
						"0.6667": [-0.13, 0, 0.12],
						"0.7083": [-0.06, 0, -0.03],
						"0.75": [0, 0, -0.1],
						"0.7917": [0.06, 0, -0.03],
						"0.8333": [0.09, 0, 0.12],
						"0.875": [0.1, 0, 0.2],
						"0.9167": [0.08, 0, 0.13],
						"0.9583": [0.03, 0, -0.01],
						"1.0": [0, 0, -0.1],
						"1.0417": [-0.01, 0, -0.1],
						"1.0833": [-0.01, 0, -0.07],
						"1.125": [0, 0, -0.03],
						"1.1667": [0, 0, 0],
						"1.2083": [0, 0, 0.01],
						"1.25": [0, 0, 0.01],
						"1.2917": [0, 0, 0],
						"1.3333": [0, 0, 0]
					},
					"position": {
						"0.0": [0, 0, 0],
						"0.0417": [0, 0, 0],
						"0.0833": [0, 0, 0],
						"0.125": [0, 0, 0],
						"0.1667": [0, 0, 0],
						"0.2083": [0, 0, 0],
						"0.25": [0, 0, 0],
						"0.2917": [0, 0, 0],
						"0.3333": [0, 0, 0],
						"0.375": [0, 0, 0],
						"0.4167": [0, 0, 0],
						"0.4583": [0, 0, 0],
						"0.5": [0, 0, 0],
						"0.5417": [0, 0, 0],
						"0.5833": [0, 0, 0],
						"0.625": [0, 0, 0],
						"0.6667": [0, 0, 0],
						"0.7083": [0, 0, 0],
						"0.75": [0, 0, 0],
						"0.7917": [0, 0, 0],
						"0.8333": [0, 0, 0],
						"0.875": [0, 0, 0],
						"0.9167": [0, 0, 0],
						"0.9583": [0, 0, 0],
						"1.0": [0, 0, 0],
						"1.0417": [0, 0, 0],
						"1.0833": [0, 0, 0],
						"1.125": [0, 0, 0],
						"1.1667": [0, 0, 0],
						"1.2083": [0, 0, 0],
						"1.25": [0, 0, 0],
						"1.2917": [0, 0, 0],
						"1.3333": [0, 0, 0]
					}
				}
			}
		},
		"shoot": {
			"animation_length": 0.6667,
			"bones": {
				"root": {
					"rotation": {
						"0.0": {
							"post": [0, 0, 0],
							"lerp_mode": "catmullrom"
						},
						"0.0333": {
							"post": [0.24839, 0.0283, -3.09994],
							"lerp_mode": "catmullrom"
						},
						"0.0667": {
							"post": [-3.65049, 0.00873, 2.09939],
							"lerp_mode": "catmullrom"
						},
						"0.1": {
							"post": [-3.36351, -0.12391, -1.41431],
							"lerp_mode": "catmullrom"
						},
						"0.1333": {
							"post": [-2.62, -0.03, -0.64],
							"lerp_mode": "catmullrom"
						},
						"0.1667": {
							"post": [-0.9984, 0.06651, 0.74977],
							"lerp_mode": "catmullrom"
						},
						"0.2667": {
							"post": [0.2, -0.00327, 0.24998],
							"lerp_mode": "catmullrom"
						},
						"0.4": {
							"post": [-0.08, 0, -0.05],
							"lerp_mode": "catmullrom"
						},
						"0.5333": {
							"post": [0.05, 0, 0],
							"lerp_mode": "catmullrom"
						},
						"0.6667": {
							"post": [0, 0, 0],
							"lerp_mode": "catmullrom"
						}
					},
					"position": {
						"0.0": {
							"post": [0, 0, 0],
							"lerp_mode": "catmullrom"
						},
						"0.0333": {
							"post": [0, -0.3, 1.65],
							"lerp_mode": "catmullrom"
						},
						"0.0667": {
							"post": [0, 0.075, 1.455],
							"lerp_mode": "catmullrom"
						},
						"0.1333": {
							"post": [0, 0.0375, -0.325],
							"lerp_mode": "catmullrom"
						},
						"0.2333": {
							"post": [0, -0.0625, -0.075],
							"lerp_mode": "catmullrom"
						},
						"0.3667": {
							"post": [0, -0.0625, 0.03125],
							"lerp_mode": "catmullrom"
						},
						"0.5333": {
							"post": [0, 0, 0],
							"lerp_mode": "catmullrom"
						},
						"0.6667": {
							"post": [0, 0, 0],
							"lerp_mode": "catmullrom"
						}
					}
				},
				"bolt": {
					"position": {
						"0.0": [0, 0, 0],
						"0.0333": [0, 0, 5.225],
						"0.1": [0, 0, 0]
					}
				},
				"bullet_in_barrel": {
					"scale": {
						"0.0": [0, 0, 0],
						"0.2333": {
							"pre": [0, 0, 0],
							"post": [1, 1, 1]
						}
					}
				},
				"camera": {
					"rotation": {
						"0.0": {
							"post": [0, 0, 0],
							"lerp_mode": "catmullrom"
						},
						"0.0333": {
							"post": [0, 0, 1.1],
							"lerp_mode": "catmullrom"
						},
						"0.0667": {
							"post": [0, 0, -0.75],
							"lerp_mode": "catmullrom"
						},
						"0.1": {
							"post": [0, 0, 0.755],
							"lerp_mode": "catmullrom"
						},
						"0.1333": {
							"post": [0, 0, -0.39],
							"lerp_mode": "catmullrom"
						},
						"0.1667": {
							"post": [0, 0, 0.28],
							"lerp_mode": "catmullrom"
						},
						"0.2333": {
							"post": [0, 0, -0.07],
							"lerp_mode": "catmullrom"
						},
						"0.3": {
							"post": [0, 0, 0],
							"lerp_mode": "catmullrom"
						}
					}
				}
			}
		},
		"runX": {
			"loop": true,
			"animation_length": 1.6667,
			"bones": {
				"constraint": {
					"rotation": [0.1, 0.1, 0.1],
					"position": [0.1, 0.1, 0.5]
				},
				"bolt": {
					"position": [0, 0, 0]
				},
				"root": {
					"rotation": [-2, 2.5, 5],
					"position": [-8, -8.2, 8]
				},
				"L": {
					"rotation": {
						"0.0": [94.13262, -36.74575, -130.79711],
						"0.125": {
							"pre": [94.92327, -47.71189, -131.9681],
							"post": [94.92327, -47.71189, -131.9681],
							"lerp_mode": "catmullrom"
						},
						"0.2083": {
							"post": [88.92327, -47.71189, -131.9681],
							"lerp_mode": "catmullrom"
						},
						"0.375": {
							"post": [81.13262, -36.74575, -130.79711],
							"lerp_mode": "catmullrom"
						},
						"0.75": [94.13262, -36.74575, -130.79711],
						"0.875": {
							"pre": [94.92327, -47.71189, -131.9681],
							"post": [94.92327, -47.71189, -131.9681],
							"lerp_mode": "catmullrom"
						},
						"0.9583": {
							"post": [88.92327, -47.71189, -131.9681],
							"lerp_mode": "catmullrom"
						},
						"1.125": {
							"post": [81.13262, -36.74575, -130.79711],
							"lerp_mode": "catmullrom"
						}
					},
					"position": {
						"0.0": [24.03, -11.75, 1.73],
						"0.125": {
							"pre": [24.03, -8.75, -4.87],
							"post": [24.03, -8.75, -4.87],
							"lerp_mode": "catmullrom"
						},
						"0.2083": {
							"post": [22.93, -8.65, -4.87],
							"lerp_mode": "catmullrom"
						},
						"0.375": {
							"post": [22.03, -11.85, 1.73],
							"lerp_mode": "catmullrom"
						},
						"0.75": [24.03, -11.75, 1.73],
						"0.875": {
							"pre": [24.03, -8.75, -4.87],
							"post": [24.03, -8.75, -4.87],
							"lerp_mode": "catmullrom"
						},
						"0.9583": {
							"post": [22.93, -8.65, -4.87],
							"lerp_mode": "catmullrom"
						},
						"1.125": {
							"post": [22.03, -11.85, 1.73],
							"lerp_mode": "catmullrom"
						}
					},
					"scale": [1, 1.5, 1]
				},
				"gun_and_righthand": {
					"rotation": {
						"0.0": [25, -1, 0],
						"0.3333": {
							"pre": [25, -1, 0],
							"post": [25, -1, 0],
							"lerp_mode": "catmullrom"
						},
						"0.5": {
							"post": [-0.49829, -18.10661, 0.37234],
							"lerp_mode": "catmullrom"
						},
						"0.625": {
							"post": [3.62022, -16.6752, 13.14566],
							"lerp_mode": "catmullrom"
						},
						"0.7917": {
							"post": [24.80507, -20.64716, 8.53048],
							"lerp_mode": "catmullrom"
						},
						"0.875": [25, -1, 0],
						"1.2083": {
							"pre": [25, -1, 0],
							"post": [25, -1, 0],
							"lerp_mode": "catmullrom"
						},
						"1.375": {
							"post": [-0.49829, -18.10661, 0.37234],
							"lerp_mode": "catmullrom"
						},
						"1.5": {
							"post": [3.62022, -16.6752, 13.14566],
							"lerp_mode": "catmullrom"
						},
						"1.6667": [25, -1, 0]
					},
					"position": {
						"0.0": [-3.3, -4.3, 10.1],
						"0.3333": {
							"pre": [-3.3, -4.3, 10.1],
							"post": [-3.3, -4.3, 10.1],
							"lerp_mode": "catmullrom"
						},
						"0.5": {
							"post": [-3.6, -1.8, -2.6],
							"lerp_mode": "catmullrom"
						},
						"0.625": {
							"post": [0.8, -1.8, -5],
							"lerp_mode": "catmullrom"
						},
						"0.7917": {
							"post": [0.1, -11.4, 0.6],
							"lerp_mode": "catmullrom"
						},
						"0.875": [-3.3, -4.3, 10.1],
						"1.2083": {
							"pre": [-3.3, -4.3, 10.1],
							"post": [-3.3, -4.3, 10.1],
							"lerp_mode": "catmullrom"
						},
						"1.375": {
							"post": [-3.6, -1.8, -2.6],
							"lerp_mode": "catmullrom"
						},
						"1.5": {
							"post": [0.8, -1.8, -5],
							"lerp_mode": "catmullrom"
						},
						"1.6667": [-3.3, -4.3, 10.1]
					}
				},
				"righthand": {
					"rotation": {
						"0.0": [101.88144, 22.66408, -54.31566],
						"0.4583": [101.88144, 22.66408, -54.31566],
						"0.5417": [101.13784, 10.41326, -56.91253],
						"0.5833": [101.02459, 5.50586, -57.87739],
						"0.6667": [100.96786, 3.05198, -58.35937],
						"0.7917": [101.88144, 22.66408, -54.31566],
						"1.3333": [101.88144, 22.66408, -54.31566],
						"1.4167": [101.13784, 10.41326, -56.91253],
						"1.4583": [101.02459, 5.50586, -57.87739],
						"1.5417": [100.96786, 3.05198, -58.35937],
						"1.6667": [101.88144, 22.66408, -54.31566]
					},
					"position": {
						"0.0": [-6.65, -14.7, -8.18],
						"0.4583": [-6.65, -14.7, -8.18],
						"0.6667": [-6.65, -14.7, -8.18],
						"0.7917": [-6.65, -14.7, -8.18],
						"1.3333": [-6.65, -14.7, -8.18],
						"1.5417": [-6.65, -14.7, -8.18],
						"1.6667": [-6.65, -14.7, -8.18]
					},
					"scale": [1, 1.5, 1]
				}
			}
		}
	}
}