{
	"format_version": "1.12.0",
	"minecraft:geometry": [
		{
			"description": {
				"identifier": "geometry.unknown",
				"texture_width": 32,
				"texture_height": 32,
				"visible_bounds_width": 2,
				"visible_bounds_height": 1.5,
				"visible_bounds_offset": [0, 0.25, 0]
			},
			"bones": [
				{
					"name": "m1917_bayonet",
					"pivot": [0, 2.125, -4.5]
				},
				{
					"name": "bone9",
					"parent": "m1917_bayonet",
					"pivot": [0, -0.54157, -5.92552],
					"cubes": [
						{
							"origin": [-0.33374, 0.33482, -4.70918],
							"size": [0.8968, 0.8343, 0.33474],
							"inflate": 0.003,
							"pivot": [0.04159, 0.62697, -4.54181],
							"rotation": [0, 0, -45],
							"uv": {
								"north": {"uv": [3, 10], "uv_size": [0.5, 0.5]},
								"east": {"uv": [13, 8], "uv_size": [0.25, 0.5]},
								"south": {"uv": [4, 10], "uv_size": [0.5, 0.5]},
								"west": {"uv": [9, 13], "uv_size": [0.25, 0.5]},
								"up": {"uv": [13, 9], "uv_size": [0.5, 0.25]},
								"down": {"uv": [10, 13.25], "uv_size": [0.5, -0.25]}
							}
						},
						{
							"origin": [-0.25056, 0.23182, -4.70918],
							"size": [0.50111, 0.37567, 0.33474],
							"inflate": 0.003,
							"uv": {
								"north": {"uv": [10, 4], "uv_size": [0.5, 0.5]},
								"east": {"uv": [13, 10], "uv_size": [0.25, 0.5]},
								"south": {"uv": [5, 10], "uv_size": [0.5, 0.5]},
								"west": {"uv": [11, 13], "uv_size": [0.25, 0.5]},
								"up": {"uv": [13, 11], "uv_size": [0.5, 0.25]},
								"down": {"uv": [12, 13.25], "uv_size": [0.5, -0.25]}
							}
						},
						{
							"origin": [-0.12411, -1.43193, -4.70918],
							"size": [0.20829, 0.5843, 0.33474],
							"inflate": 0.003,
							"uv": {
								"north": {"uv": [13, 12], "uv_size": [0.25, 0.5]},
								"east": {"uv": [13, 13], "uv_size": [0.25, 0.5]},
								"south": {"uv": [14, 0], "uv_size": [0.25, 0.5]},
								"west": {"uv": [14, 1], "uv_size": [0.25, 0.5]},
								"up": {"uv": [15, 2], "uv_size": [0.25, 0.25]},
								"down": {"uv": [3, 15.25], "uv_size": [0.25, -0.25]}
							}
						},
						{
							"origin": [-0.20393, -1.41246, -4.70918],
							"size": [0.20829, 0.75067, 0.33474],
							"inflate": 0.003,
							"pivot": [-0.09978, -1.16191, -4.54181],
							"rotation": [0, 0, -17.5],
							"uv": {
								"north": {"uv": [2, 14], "uv_size": [0.25, 0.5]},
								"east": {"uv": [14, 2], "uv_size": [0.25, 0.5]},
								"south": {"uv": [3, 14], "uv_size": [0.25, 0.5]},
								"west": {"uv": [14, 3], "uv_size": [0.25, 0.5]},
								"up": {"uv": [15, 3], "uv_size": [0.25, 0.25]},
								"down": {"uv": [4, 15.25], "uv_size": [0.25, -0.25]}
							}
						},
						{
							"origin": [-0.04429, -1.41246, -4.70918],
							"size": [0.20829, 0.75067, 0.33474],
							"inflate": 0.003,
							"pivot": [0.05985, -1.16191, -4.54181],
							"rotation": [0, 0, 17.5],
							"uv": {
								"north": {"uv": [4, 14], "uv_size": [0.25, 0.5]},
								"east": {"uv": [14, 4], "uv_size": [0.25, 0.5]},
								"south": {"uv": [5, 14], "uv_size": [0.25, 0.5]},
								"west": {"uv": [14, 5], "uv_size": [0.25, 0.5]},
								"up": {"uv": [15, 4], "uv_size": [0.25, 0.25]},
								"down": {"uv": [5, 15.25], "uv_size": [0.25, -0.25]}
							}
						},
						{
							"origin": [-0.32662, -0.85162, -4.40276],
							"size": [0.65324, 0.97768, 4.62521],
							"inflate": 0.003,
							"uv": {
								"north": {"uv": [10, 5], "uv_size": [0.5, 0.5]},
								"east": {"uv": [2, 2], "uv_size": [2.75, 0.5]},
								"south": {"uv": [6, 10], "uv_size": [0.5, 0.5]},
								"west": {"uv": [2, 3], "uv_size": [2.75, 0.5]},
								"up": {"uv": [2, 4], "uv_size": [0.5, 2.75]},
								"down": {"uv": [3, 6.75], "uv_size": [0.5, -2.75]}
							}
						},
						{
							"origin": [-0.21848, 0.12168, -4.40276],
							"size": [0.43696, 0.11253, 1.12521],
							"inflate": 0.003,
							"uv": {
								"north": {"uv": [15, 5], "uv_size": [0.25, 0.25]},
								"east": {"uv": [4, 4], "uv_size": [2.75, 0.25]},
								"south": {"uv": [6, 15], "uv_size": [0.25, 0.25]},
								"west": {"uv": [5, 2], "uv_size": [2.75, 0.25]},
								"up": {"uv": [4, 5], "uv_size": [0.25, 2.75]},
								"down": {"uv": [5, 7.75], "uv_size": [0.25, -2.75]}
							}
						},
						{
							"origin": [-0.31734, 0.09928, -4.40276],
							"size": [0.15732, 0.11253, 4.62521],
							"inflate": 0.003,
							"pivot": [-0.21629, 0.15554, -1.02141],
							"rotation": [0, 0, -45],
							"uv": {
								"north": {"uv": [8, 16], "uv_size": [0.25, 0.25]},
								"east": {"uv": [5, 3], "uv_size": [2.75, 0.25]},
								"south": {"uv": [16, 8], "uv_size": [0.25, 0.25]},
								"west": {"uv": [6, 5], "uv_size": [2.75, 0.25]},
								"up": {"uv": [6, 6], "uv_size": [0.25, 2.75]},
								"down": {"uv": [2, 9.75], "uv_size": [0.25, -2.75]}
							}
						},
						{
							"origin": [0.16002, 0.09928, -4.40276],
							"size": [0.15732, 0.11253, 4.62521],
							"inflate": 0.003,
							"pivot": [0.21629, 0.15554, -1.02141],
							"rotation": [0, 0, 45],
							"uv": {
								"north": {"uv": [9, 16], "uv_size": [0.25, 0.25]},
								"east": {"uv": [7, 4], "uv_size": [2.75, 0.25]},
								"south": {"uv": [16, 9], "uv_size": [0.25, 0.25]},
								"west": {"uv": [7, 6], "uv_size": [2.75, 0.25]},
								"up": {"uv": [3, 7], "uv_size": [0.25, 2.75]},
								"down": {"uv": [7, 9.75], "uv_size": [0.25, -2.75]}
							}
						},
						{
							"origin": [-0.31734, -0.00886, 0.21807],
							"size": [0.15732, 0.22067, 1.51896],
							"inflate": 0.003,
							"pivot": [-0.21629, 0.15554, -0.96932],
							"rotation": [0, 0, -45],
							"uv": {
								"north": {"uv": [11, 16], "uv_size": [0.25, 0.25]},
								"east": {"uv": [13, 6], "uv_size": [0.75, 0.25]},
								"south": {"uv": [16, 11], "uv_size": [0.25, 0.25]},
								"west": {"uv": [7, 13], "uv_size": [0.75, 0.25]},
								"up": {"uv": [13, 7], "uv_size": [0.25, 0.75]},
								"down": {"uv": [8, 13.75], "uv_size": [0.25, -0.75]}
							}
						},
						{
							"origin": [0.16002, -0.00886, 0.21807],
							"size": [0.15732, 0.22067, 1.51896],
							"inflate": 0.003,
							"pivot": [0.21629, 0.15554, -0.96932],
							"rotation": [0, 0, 45],
							"uv": {
								"north": {"uv": [10, 16], "uv_size": [0.25, 0.25]},
								"east": {"uv": [13, 4], "uv_size": [0.75, 0.25]},
								"south": {"uv": [16, 10], "uv_size": [0.25, 0.25]},
								"west": {"uv": [5, 13], "uv_size": [0.75, 0.25]},
								"up": {"uv": [13, 5], "uv_size": [0.25, 0.75]},
								"down": {"uv": [6, 13.75], "uv_size": [0.25, -0.75]}
							}
						},
						{
							"origin": [-0.32662, -1.0679, -2.6736],
							"size": [0.65324, 0.22067, 2.08582],
							"inflate": 0.003,
							"uv": {
								"north": {"uv": [6, 14], "uv_size": [0.5, 0.25]},
								"east": {"uv": [11, 2], "uv_size": [0.75, 0.25]},
								"south": {"uv": [14, 6], "uv_size": [0.5, 0.25]},
								"west": {"uv": [3, 11], "uv_size": [0.75, 0.25]},
								"up": {"uv": [8, 7], "uv_size": [0.5, 0.75]},
								"down": {"uv": [8, 8.75], "uv_size": [0.5, -0.75]}
							}
						},
						{
							"origin": [-0.32662, -0.89129, -0.67196],
							"size": [0.65324, 0.32881, 0.81461],
							"inflate": 0.003,
							"pivot": [-0.05407, -0.72688, -0.12905],
							"rotation": [20, 0, 0],
							"uv": {
								"north": {"uv": [8, 14], "uv_size": [0.5, 0.25]},
								"east": {"uv": [11, 4], "uv_size": [0.75, 0.25]},
								"south": {"uv": [14, 8], "uv_size": [0.5, 0.25]},
								"west": {"uv": [5, 11], "uv_size": [0.75, 0.25]},
								"up": {"uv": [4, 9], "uv_size": [0.5, 0.75]},
								"down": {"uv": [5, 9.75], "uv_size": [0.5, -0.75]}
							}
						},
						{
							"origin": [-0.32662, -0.89129, -3.40403],
							"size": [0.65324, 0.32881, 0.81461],
							"inflate": 0.003,
							"pivot": [-0.05407, -0.72688, -3.13233],
							"rotation": [-20, 0, 0],
							"uv": {
								"north": {"uv": [14.5, 8], "uv_size": [-0.5, 0.25]},
								"east": {"uv": [11.75, 4], "uv_size": [-0.75, 0.25]},
								"south": {"uv": [8.5, 14], "uv_size": [-0.5, 0.25]},
								"west": {"uv": [5.75, 11], "uv_size": [-0.75, 0.25]},
								"up": {"uv": [4, 9.75], "uv_size": [0.5, -0.75]},
								"down": {"uv": [5, 9], "uv_size": [0.5, 0.75]}
							}
						},
						{
							"origin": [-0.32662, -0.51019, -4.58266],
							"size": [0.65324, 0.2951, 0.43696],
							"inflate": 0.003,
							"pivot": [-0.05407, -0.59578, -4.68862],
							"rotation": [-55, 0, 0],
							"uv": {
								"north": {"uv": [9, 14], "uv_size": [0.5, 0.25]},
								"east": {"uv": [15, 6], "uv_size": [0.25, 0.25]},
								"south": {"uv": [14, 9], "uv_size": [0.5, 0.25]},
								"west": {"uv": [7, 15], "uv_size": [0.25, 0.25]},
								"up": {"uv": [10, 14], "uv_size": [0.5, 0.25]},
								"down": {"uv": [14, 10.25], "uv_size": [0.5, -0.25]}
							}
						},
						{
							"origin": [-0.32662, -0.8322, 1.12108],
							"size": [0.65324, 0.65324, 0.43696],
							"inflate": 0.003,
							"pivot": [-0.05407, -0.6678, 1.66399],
							"rotation": [55, 0, 0],
							"uv": {
								"north": {"uv": [10, 6], "uv_size": [0.5, 0.5]},
								"east": {"uv": [11, 14], "uv_size": [0.25, 0.5]},
								"south": {"uv": [7, 10], "uv_size": [0.5, 0.5]},
								"west": {"uv": [14, 11], "uv_size": [0.25, 0.5]},
								"up": {"uv": [12, 14], "uv_size": [0.5, 0.25]},
								"down": {"uv": [14, 12.25], "uv_size": [0.5, -0.25]}
							}
						},
						{
							"origin": [-0.32662, -0.85162, 0.21807],
							"size": [0.65324, 0.97768, 1.51896],
							"inflate": 0.003,
							"uv": {
								"north": {"uv": [10, 7], "uv_size": [0.5, 0.5]},
								"east": {"uv": [9, 5], "uv_size": [0.75, 0.5]},
								"south": {"uv": [8, 10], "uv_size": [0.5, 0.5]},
								"west": {"uv": [6, 9], "uv_size": [0.75, 0.5]},
								"up": {"uv": [9, 7], "uv_size": [0.5, 0.75]},
								"down": {"uv": [8, 9.75], "uv_size": [0.5, -0.75]}
							}
						},
						{
							"origin": [-0.16737, -0.83372, -5.51057],
							"size": [0.33474, 0.91705, 0.83386],
							"inflate": 0.003,
							"uv": {
								"north": {"uv": [4, 12], "uv_size": [0.25, 0.75]},
								"east": {"uv": [8, 2], "uv_size": [0.75, 0.75]},
								"south": {"uv": [12, 4], "uv_size": [0.25, 0.75]},
								"west": {"uv": [8, 3], "uv_size": [0.75, 0.75]},
								"up": {"uv": [5, 12], "uv_size": [0.25, 0.75]},
								"down": {"uv": [12, 5.75], "uv_size": [0.25, -0.75]}
							}
						},
						{
							"origin": [-0.11796, -0.83339, -5.90994],
							"size": [0.08451, 0.91639, 0.41726],
							"inflate": 0.002,
							"pivot": [-0.0757, -0.41679, -5.70131],
							"rotation": [0, -14, 0],
							"uv": {
								"north": {"uv": [6, 12], "uv_size": [0.25, 0.75]},
								"east": {"uv": [12, 6], "uv_size": [0.25, 0.75]},
								"south": {"uv": [7, 12], "uv_size": [0.25, 0.75]},
								"west": {"uv": [12, 7], "uv_size": [0.25, 0.75]},
								"up": {"uv": [15, 11], "uv_size": [0.25, 0.25]},
								"down": {"uv": [12, 15.25], "uv_size": [0.25, -0.25]}
							}
						},
						{
							"origin": [0.03345, -0.83339, -5.90994],
							"size": [0.08451, 0.91639, 0.41726],
							"inflate": 0.002,
							"pivot": [0.0757, -0.41679, -5.70131],
							"rotation": [0, 14, 0],
							"uv": {
								"north": {"uv": [8, 12], "uv_size": [0.25, 0.75]},
								"east": {"uv": [12, 8], "uv_size": [0.25, 0.75]},
								"south": {"uv": [9, 12], "uv_size": [0.25, 0.75]},
								"west": {"uv": [12, 9], "uv_size": [0.25, 0.75]},
								"up": {"uv": [15, 12], "uv_size": [0.25, 0.25]},
								"down": {"uv": [13, 15.25], "uv_size": [0.25, -0.25]}
							}
						},
						{
							"origin": [-0.08418, -0.83372, -19.64545],
							"size": [0.16836, 0.91705, 14.13686],
							"inflate": 0.003,
							"uv": {
								"north": {"uv": [10, 12], "uv_size": [0.25, 0.75]},
								"east": {"uv": [0, 0], "uv_size": [13.75, 0.75]},
								"south": {"uv": [12, 10], "uv_size": [0.25, 0.75]},
								"west": {"uv": [0, 1], "uv_size": [13.75, 0.75]},
								"up": {"uv": [0, 2], "uv_size": [0.25, 13.75]},
								"down": {"uv": [1, 15.75], "uv_size": [0.25, -13.75]}
							}
						}
					]
				},
				{
					"name": "bone8",
					"parent": "m1917_bayonet",
					"pivot": [1.331, -0.35592, -26.77674],
					"cubes": [
						{
							"origin": [-0.08418, -0.42818, -21.78705],
							"size": [0.16836, 0.45908, 2.15687],
							"inflate": 0.003,
							"pivot": [-0.01789, -0.42719, -20.83922],
							"rotation": [2.5, 0, 0],
							"uv": {
								"north": {"uv": [15, 13], "uv_size": [0.25, 0.25]},
								"east": {"uv": [9, 8], "uv_size": [1.5, 0.25]},
								"south": {"uv": [14, 15], "uv_size": [0.25, 0.25]},
								"west": {"uv": [9, 9], "uv_size": [1.5, 0.25]},
								"up": {"uv": [2, 10], "uv_size": [0.25, 1.5]},
								"down": {"uv": [10, 3.5], "uv_size": [0.25, -1.5]}
							}
						},
						{
							"origin": [-0.08418, -0.73844, -20.9504],
							"size": [0.16836, 0.52438, 1.30797],
							"inflate": 0.003,
							"pivot": [-0.01789, -0.67215, -20.85146],
							"rotation": [-4.5, 0, 0],
							"uv": {
								"north": {"uv": [13, 14], "uv_size": [0.25, 0.5]},
								"east": {"uv": [4, 8], "uv_size": [1, 0.5]},
								"south": {"uv": [14, 13], "uv_size": [0.25, 0.5]},
								"west": {"uv": [5, 8], "uv_size": [1, 0.5]},
								"up": {"uv": [9, 10], "uv_size": [0.25, 1]},
								"down": {"uv": [10, 11], "uv_size": [0.25, -1]}
							}
						},
						{
							"origin": [-0.08418, -0.65758, -21.74941],
							"size": [0.16836, 0.32848, 0.85088],
							"inflate": 0.003,
							"pivot": [-0.01789, -0.39539, -21.32397],
							"rotation": [-10.5, 0, 0],
							"uv": {
								"north": {"uv": [15, 14], "uv_size": [0.25, 0.25]},
								"east": {"uv": [11, 12], "uv_size": [0.75, 0.25]},
								"south": {"uv": [15, 15], "uv_size": [0.25, 0.25]},
								"west": {"uv": [12, 11], "uv_size": [0.75, 0.25]},
								"up": {"uv": [12, 12], "uv_size": [0.25, 0.75]},
								"down": {"uv": [2, 13.75], "uv_size": [0.25, -0.75]}
							}
						},
						{
							"origin": [-0.08418, -0.46031, -22.54517],
							"size": [0.16836, 0.20794, 0.85544],
							"inflate": 0.003,
							"pivot": [-0.01789, -0.19812, -22.11516],
							"rotation": [-17.5, 0, 0],
							"uv": {
								"north": {"uv": [0, 16], "uv_size": [0.25, 0.25]},
								"east": {"uv": [13, 2], "uv_size": [0.75, 0.25]},
								"south": {"uv": [16, 0], "uv_size": [0.25, 0.25]},
								"west": {"uv": [3, 13], "uv_size": [0.75, 0.25]},
								"up": {"uv": [13, 3], "uv_size": [0.25, 0.75]},
								"down": {"uv": [4, 13.75], "uv_size": [0.25, -0.75]}
							}
						},
						{
							"origin": [-0.08418, -0.35341, -22.63156],
							"size": [0.16836, 0.19226, 0.0808],
							"inflate": 0.003,
							"pivot": [-0.01789, -0.26511, -22.53034],
							"rotation": [-40, 0, 0],
							"uv": {
								"north": {"uv": [1, 16], "uv_size": [0.25, 0.25]},
								"east": {"uv": [16, 1], "uv_size": [0.25, 0.25]},
								"south": {"uv": [2, 16], "uv_size": [0.25, 0.25]},
								"west": {"uv": [16, 2], "uv_size": [0.25, 0.25]},
								"up": {"uv": [3, 16], "uv_size": [0.25, 0.25]},
								"down": {"uv": [16, 3.25], "uv_size": [0.25, -0.25]}
							}
						},
						{
							"origin": [-0.08418, -0.26441, -22.08807],
							"size": [0.16836, 0.20794, 0.39835],
							"inflate": 0.003,
							"pivot": [-0.01789, -0.00222, -22.11516],
							"rotation": [-17.5, 0, 0],
							"uv": {
								"north": {"uv": [4, 16], "uv_size": [0.25, 0.25]},
								"east": {"uv": [16, 4], "uv_size": [0.25, 0.25]},
								"south": {"uv": [5, 16], "uv_size": [0.25, 0.25]},
								"west": {"uv": [16, 5], "uv_size": [0.25, 0.25]},
								"up": {"uv": [6, 16], "uv_size": [0.25, 0.25]},
								"down": {"uv": [16, 6.25], "uv_size": [0.25, -0.25]}
							}
						},
						{
							"origin": [-0.08418, -0.24626, -22.52968],
							"size": [0.16836, 0.17386, 0.74599],
							"inflate": 0.003,
							"pivot": [-0.01789, -0.17997, -22.20913],
							"rotation": [8.5, 0, 0],
							"uv": {
								"north": {"uv": [7, 16], "uv_size": [0.25, 0.25]},
								"east": {"uv": [14, 14], "uv_size": [0.5, 0.25]},
								"south": {"uv": [16, 7], "uv_size": [0.25, 0.25]},
								"west": {"uv": [15, 0], "uv_size": [0.5, 0.25]},
								"up": {"uv": [15, 1], "uv_size": [0.25, 0.5]},
								"down": {"uv": [2, 15.5], "uv_size": [0.25, -0.5]}
							}
						}
					]
				},
				{
					"name": "dt2",
					"parent": "m1917_bayonet",
					"pivot": [0.09923, -0.1778, -4.41504],
					"rotation": [1, 0, 0],
					"cubes": [
						{
							"origin": [-0.28796, -0.97826, -4.77165],
							"size": [0.52665, 1.31815, 0.3933],
							"inflate": 0.003,
							"pivot": [-0.02464, -0.35054, -4.59896],
							"rotation": [-1, 0, 0],
							"uv": {
								"north": {"uv": [11, 5], "uv_size": [0.25, 0.75]},
								"east": {"uv": [6, 11], "uv_size": [0.25, 0.75]},
								"south": {"uv": [11, 6], "uv_size": [0.25, 0.75]},
								"west": {"uv": [7, 11], "uv_size": [0.25, 0.75]},
								"up": {"uv": [15, 7], "uv_size": [0.25, 0.25]},
								"down": {"uv": [8, 15.25], "uv_size": [0.25, -0.25]}
							}
						},
						{
							"origin": [-0.2793, -1.01648, -4.77195],
							"size": [0.55621, 1.30949, 0.3933],
							"inflate": 0.003,
							"pivot": [-0.06645, -0.36786, -4.59926],
							"rotation": [-0.70714, -0.70709, -44.99564],
							"uv": {
								"north": {"uv": [11, 7], "uv_size": [0.25, 0.75]},
								"east": {"uv": [8, 11], "uv_size": [0.25, 0.75]},
								"south": {"uv": [11, 8], "uv_size": [0.25, 0.75]},
								"west": {"uv": [9, 11], "uv_size": [0.25, 0.75]},
								"up": {"uv": [15, 8], "uv_size": [0.25, 0.25]},
								"down": {"uv": [9, 15.25], "uv_size": [0.25, -0.25]}
							}
						},
						{
							"origin": [-0.26198, -0.9696, -4.77122],
							"size": [0.55114, 1.30442, 0.3933],
							"inflate": 0.003,
							"pivot": [-0.00732, -0.32605, -4.59853],
							"rotation": [0.70714, -0.70709, -135.00436],
							"uv": {
								"north": {"uv": [11, 9], "uv_size": [0.25, 0.75]},
								"east": {"uv": [10, 11], "uv_size": [0.25, 0.75]},
								"south": {"uv": [11, 10], "uv_size": [0.25, 0.75]},
								"west": {"uv": [11, 11], "uv_size": [0.25, 0.75]},
								"up": {"uv": [15, 9], "uv_size": [0.25, 0.25]},
								"down": {"uv": [10, 15.25], "uv_size": [0.25, -0.25]}
							}
						},
						{
							"origin": [-0.2793, -1.07053, -4.77195],
							"size": [0.52665, 1.32173, 0.3933],
							"inflate": 0.003,
							"pivot": [-0.06645, -0.36786, -4.59926],
							"rotation": [0, -1, -90],
							"uv": {
								"north": {"uv": [2, 12], "uv_size": [0.25, 0.75]},
								"east": {"uv": [12, 2], "uv_size": [0.25, 0.75]},
								"south": {"uv": [3, 12], "uv_size": [0.25, 0.75]},
								"west": {"uv": [12, 3], "uv_size": [0.25, 0.75]},
								"up": {"uv": [15, 10], "uv_size": [0.25, 0.25]},
								"down": {"uv": [11, 15.25], "uv_size": [0.25, -0.25]}
							}
						}
					]
				}
			]
		}
	]
}