{
	"format_version": "1.12.0",
	"minecraft:geometry": [
		{
			"description": {
				"identifier": "geometry.unknown",
				"texture_width": 32,
				"texture_height": 32,
				"visible_bounds_width": 2,
				"visible_bounds_height": 1.5,
				"visible_bounds_offset": [0, 0.25, 0]
			},
			"bones": [
				{
					"name": "hy88_bayonet",
					"pivot": [0, 0, 0]
				},
				{
					"name": "bone9",
					"parent": "hy88_bayonet",
					"pivot": [0, -1.15988, -1.71062],
					"cubes": [
						{
							"origin": [-0.40109, -0.39382, -0.25162],
							"size": [0.94236, 0.94236, 0.40288],
							"inflate": 0.003,
							"pivot": [0.04991, -0.04264, -0.05017],
							"rotation": [0, 0, -45],
							"uv": {
								"north": {"uv": [3, 10], "uv_size": [0.5, 0.5]},
								"east": {"uv": [13, 8], "uv_size": [0.25, 0.5]},
								"south": {"uv": [4, 10], "uv_size": [0.5, 0.5]},
								"west": {"uv": [9, 13], "uv_size": [0.25, 0.5]},
								"up": {"uv": [13, 9], "uv_size": [0.5, 0.25]},
								"down": {"uv": [10, 13.25], "uv_size": [0.5, -0.25]}
							}
						},
						{
							"origin": [-0.30127, -1.33049, 0.14768],
							"size": [0.60253, 0.90201, 3.34588],
							"inflate": 0.003,
							"uv": {
								"north": {"uv": [10, 5], "uv_size": [0.5, 0.5]},
								"east": {"uv": [2, 2], "uv_size": [2.75, 0.5]},
								"south": {"uv": [6, 10], "uv_size": [0.5, 0.5]},
								"west": {"uv": [2, 3], "uv_size": [2.75, 0.5]},
								"up": {"uv": [2, 4], "uv_size": [0.5, 2.75]},
								"down": {"uv": [3, 6.75], "uv_size": [0.5, -2.75]}
							}
						},
						{
							"origin": [-0.30127, -1.33049, 3.49957],
							"size": [0.60253, 0.90201, 1.194],
							"inflate": 0.003,
							"uv": {
								"north": {"uv": [10, 5], "uv_size": [0.5, 0.5]},
								"east": {"uv": [2, 2], "uv_size": [2.75, 0.5]},
								"south": {"uv": [6, 10], "uv_size": [0.5, 0.5]},
								"west": {"uv": [2, 3], "uv_size": [2.75, 0.5]},
								"up": {"uv": [2, 4], "uv_size": [0.5, 2.75]},
								"down": {"uv": [3, 6.75], "uv_size": [0.5, -2.75]}
							}
						},
						{
							"origin": [-0.20144, -0.43207, 0.14768],
							"size": [0.40288, 0.10341, 3.34588],
							"inflate": 0.003,
							"uv": {
								"north": {"uv": [15, 5], "uv_size": [0.25, 0.25]},
								"east": {"uv": [4, 4], "uv_size": [2.75, 0.25]},
								"south": {"uv": [6, 15], "uv_size": [0.25, 0.25]},
								"west": {"uv": [5, 2], "uv_size": [2.75, 0.25]},
								"up": {"uv": [4, 5], "uv_size": [0.25, 2.75]},
								"down": {"uv": [5, 7.75], "uv_size": [0.25, -2.75]}
							}
						},
						{
							"origin": [-0.2927, -0.45274, 0.14768],
							"size": [0.14476, 0.10341, 3.34588],
							"inflate": 0.003,
							"pivot": [-0.19965, -0.40104, 2.34562],
							"rotation": [0, 0, -45],
							"uv": {
								"north": {"uv": [8, 16], "uv_size": [0.25, 0.25]},
								"east": {"uv": [5, 3], "uv_size": [2.75, 0.25]},
								"south": {"uv": [16, 8], "uv_size": [0.25, 0.25]},
								"west": {"uv": [6, 5], "uv_size": [2.75, 0.25]},
								"up": {"uv": [6, 6], "uv_size": [0.25, 2.75]},
								"down": {"uv": [2, 9.75], "uv_size": [0.25, -2.75]}
							}
						},
						{
							"origin": [0.14795, -0.45274, 0.14768],
							"size": [0.14476, 0.10341, 3.34588],
							"inflate": 0.003,
							"pivot": [0.19965, -0.40104, 2.34562],
							"rotation": [0, 0, 45],
							"uv": {
								"north": {"uv": [9, 16], "uv_size": [0.25, 0.25]},
								"east": {"uv": [7, 4], "uv_size": [2.75, 0.25]},
								"south": {"uv": [16, 9], "uv_size": [0.25, 0.25]},
								"west": {"uv": [7, 6], "uv_size": [2.75, 0.25]},
								"up": {"uv": [3, 7], "uv_size": [0.25, 2.75]},
								"down": {"uv": [7, 9.75], "uv_size": [0.25, -2.75]}
							}
						},
						{
							"origin": [0.14795, -0.45274, 3.50768],
							"size": [0.14476, 0.10341, 1.18588],
							"inflate": 0.003,
							"pivot": [0.19965, -0.40104, 5.70562],
							"rotation": [0, 0, 45],
							"uv": {
								"north": {"uv": [9, 16], "uv_size": [0.25, 0.25]},
								"east": {"uv": [7, 4], "uv_size": [2.75, 0.25]},
								"south": {"uv": [16, 9], "uv_size": [0.25, 0.25]},
								"west": {"uv": [7, 6], "uv_size": [2.75, 0.25]},
								"up": {"uv": [3, 7], "uv_size": [0.25, 2.75]},
								"down": {"uv": [7, 9.75], "uv_size": [0.25, -2.75]}
							}
						},
						{
							"origin": [-0.20144, -0.43207, 3.50768],
							"size": [0.40288, 0.10341, 1.18588],
							"inflate": 0.003,
							"uv": {
								"north": {"uv": [15, 5], "uv_size": [0.25, 0.25]},
								"east": {"uv": [4, 4], "uv_size": [2.75, 0.25]},
								"south": {"uv": [6, 15], "uv_size": [0.25, 0.25]},
								"west": {"uv": [5, 2], "uv_size": [2.75, 0.25]},
								"up": {"uv": [4, 5], "uv_size": [0.25, 2.75]},
								"down": {"uv": [5, 7.75], "uv_size": [0.25, -2.75]}
							}
						},
						{
							"origin": [-0.2927, -0.45274, 3.50768],
							"size": [0.14476, 0.10341, 1.18588],
							"inflate": 0.003,
							"pivot": [-0.19965, -0.40104, 5.70562],
							"rotation": [0, 0, -45],
							"uv": {
								"north": {"uv": [8, 16], "uv_size": [0.25, 0.25]},
								"east": {"uv": [5, 3], "uv_size": [2.75, 0.25]},
								"south": {"uv": [16, 8], "uv_size": [0.25, 0.25]},
								"west": {"uv": [6, 5], "uv_size": [2.75, 0.25]},
								"up": {"uv": [6, 6], "uv_size": [0.25, 2.75]},
								"down": {"uv": [2, 9.75], "uv_size": [0.25, -2.75]}
							}
						},
						{
							"origin": [-0.2927, -0.55257, 4.68998],
							"size": [0.14476, 0.20323, 1.40166],
							"inflate": 0.003,
							"pivot": [-0.19965, -0.40104, 3.5937],
							"rotation": [0, 0, -45],
							"uv": {
								"north": {"uv": [11, 16], "uv_size": [0.25, 0.25]},
								"east": {"uv": [13, 6], "uv_size": [0.75, 0.25]},
								"south": {"uv": [16, 11], "uv_size": [0.25, 0.25]},
								"west": {"uv": [7, 13], "uv_size": [0.75, 0.25]},
								"up": {"uv": [13, 7], "uv_size": [0.25, 0.75]},
								"down": {"uv": [8, 13.75], "uv_size": [0.25, -0.75]}
							}
						},
						{
							"origin": [0.14795, -0.55257, 4.68998],
							"size": [0.14476, 0.20323, 1.40166],
							"inflate": 0.003,
							"pivot": [0.19965, -0.40104, 3.5937],
							"rotation": [0, 0, 45],
							"uv": {
								"north": {"uv": [10, 16], "uv_size": [0.25, 0.25]},
								"east": {"uv": [13, 4], "uv_size": [0.75, 0.25]},
								"south": {"uv": [16, 10], "uv_size": [0.25, 0.25]},
								"west": {"uv": [5, 13], "uv_size": [0.75, 0.25]},
								"up": {"uv": [13, 5], "uv_size": [0.25, 0.75]},
								"down": {"uv": [6, 13.75], "uv_size": [0.25, -0.75]}
							}
						},
						{
							"origin": [-0.30127, -1.53014, 2.34383],
							"size": [0.60253, 0.20323, 1.00183],
							"inflate": 0.003,
							"uv": {
								"north": {"uv": [6, 14], "uv_size": [0.5, 0.25]},
								"east": {"uv": [11, 2], "uv_size": [0.75, 0.25]},
								"south": {"uv": [14, 6], "uv_size": [0.5, 0.25]},
								"west": {"uv": [3, 11], "uv_size": [0.75, 0.25]},
								"up": {"uv": [8, 7], "uv_size": [0.5, 0.75]},
								"down": {"uv": [8, 8.75], "uv_size": [0.5, -0.75]}
							}
						},
						{
							"origin": [-0.30127, -1.36711, 3.26842],
							"size": [0.60253, 0.30306, 0.75148],
							"inflate": 0.003,
							"pivot": [-0.04991, -1.21558, 3.76934],
							"rotation": [20, 0, 0],
							"uv": {
								"north": {"uv": [8, 14], "uv_size": [0.5, 0.25]},
								"east": {"uv": [11, 4], "uv_size": [0.75, 0.25]},
								"south": {"uv": [14, 8], "uv_size": [0.5, 0.25]},
								"west": {"uv": [5, 11], "uv_size": [0.75, 0.25]},
								"up": {"uv": [4, 9], "uv_size": [0.5, 0.75]},
								"down": {"uv": [5, 9.75], "uv_size": [0.5, -0.75]}
							}
						},
						{
							"origin": [-0.30127, -1.36711, 1.66959],
							"size": [0.60253, 0.30306, 0.75148],
							"inflate": 0.003,
							"pivot": [-0.04991, -1.21558, 1.92016],
							"rotation": [-20, 0, 0],
							"uv": {
								"north": {"uv": [14.5, 8], "uv_size": [-0.5, 0.25]},
								"east": {"uv": [11.75, 4], "uv_size": [-0.75, 0.25]},
								"south": {"uv": [8.5, 14], "uv_size": [-0.5, 0.25]},
								"west": {"uv": [5.75, 11], "uv_size": [-0.75, 0.25]},
								"up": {"uv": [4, 9.75], "uv_size": [0.5, -0.75]},
								"down": {"uv": [5, 9], "uv_size": [0.5, 0.75]}
							}
						},
						{
							"origin": [-0.30127, -1.24609, -0.01838],
							"size": [0.60253, 0.50271, 0.40288],
							"inflate": 0.003,
							"pivot": [-0.04991, -1.09457, -0.11642],
							"rotation": [-55, 0, 0],
							"uv": {
								"north": {"uv": [9, 14], "uv_size": [0.5, 0.25]},
								"east": {"uv": [15, 6], "uv_size": [0.25, 0.25]},
								"south": {"uv": [14, 9], "uv_size": [0.5, 0.25]},
								"west": {"uv": [7, 15], "uv_size": [0.25, 0.25]},
								"up": {"uv": [10, 14], "uv_size": [0.5, 0.25]},
								"down": {"uv": [14, 10.25], "uv_size": [0.5, -0.25]}
							}
						},
						{
							"origin": [-0.30127, -1.31257, 5.52353],
							"size": [0.60253, 0.60253, 0.40288],
							"inflate": 0.003,
							"pivot": [-0.04991, -1.16104, 6.02445],
							"rotation": [55, 0, 0],
							"uv": {
								"north": {"uv": [10, 6], "uv_size": [0.5, 0.5]},
								"east": {"uv": [11, 14], "uv_size": [0.25, 0.5]},
								"south": {"uv": [7, 10], "uv_size": [0.5, 0.5]},
								"west": {"uv": [14, 11], "uv_size": [0.25, 0.5]},
								"up": {"uv": [12, 14], "uv_size": [0.5, 0.25]},
								"down": {"uv": [14, 12.25], "uv_size": [0.5, -0.25]}
							}
						},
						{
							"origin": [-0.30127, -1.33049, 4.68998],
							"size": [0.60253, 0.90201, 1.40166],
							"inflate": 0.003,
							"uv": {
								"north": {"uv": [10, 7], "uv_size": [0.5, 0.5]},
								"east": {"uv": [9, 5], "uv_size": [0.75, 0.5]},
								"south": {"uv": [8, 10], "uv_size": [0.5, 0.5]},
								"west": {"uv": [6, 9], "uv_size": [0.75, 0.5]},
								"up": {"uv": [9, 7], "uv_size": [0.5, 0.75]},
								"down": {"uv": [8, 9.75], "uv_size": [0.5, -0.75]}
							}
						},
						{
							"origin": [-0.20144, -1.51106, -1.21329],
							"size": [0.40288, 1.10166, 1.00183],
							"inflate": 0.003,
							"uv": {
								"north": {"uv": [4, 12], "uv_size": [0.25, 0.75]},
								"east": {"uv": [8, 2], "uv_size": [0.75, 0.75]},
								"south": {"uv": [12, 4], "uv_size": [0.25, 0.75]},
								"west": {"uv": [8, 3], "uv_size": [0.75, 0.75]},
								"up": {"uv": [5, 12], "uv_size": [0.25, 0.75]},
								"down": {"uv": [12, 5.75], "uv_size": [0.25, -0.75]}
							}
						},
						{
							"origin": [-0.14195, -1.51047, -1.69233],
							"size": [0.10221, 1.10046, 0.50151],
							"inflate": 0.002,
							"pivot": [-0.09085, -1.01015, -1.44157],
							"rotation": [0, -14, 0],
							"uv": {
								"north": {"uv": [6, 12], "uv_size": [0.25, 0.75]},
								"east": {"uv": [12, 6], "uv_size": [0.25, 0.75]},
								"south": {"uv": [7, 12], "uv_size": [0.25, 0.75]},
								"west": {"uv": [12, 7], "uv_size": [0.25, 0.75]},
								"up": {"uv": [15, 11], "uv_size": [0.25, 0.25]},
								"down": {"uv": [12, 15.25], "uv_size": [0.25, -0.25]}
							}
						},
						{
							"origin": [0.03974, -1.51047, -1.69233],
							"size": [0.10221, 1.10046, 0.50151],
							"inflate": 0.002,
							"pivot": [0.09085, -1.01015, -1.44157],
							"rotation": [0, 14, 0],
							"uv": {
								"north": {"uv": [8, 12], "uv_size": [0.25, 0.75]},
								"east": {"uv": [12, 8], "uv_size": [0.25, 0.75]},
								"south": {"uv": [9, 12], "uv_size": [0.25, 0.75]},
								"west": {"uv": [12, 9], "uv_size": [0.25, 0.75]},
								"up": {"uv": [15, 12], "uv_size": [0.25, 0.25]},
								"down": {"uv": [13, 15.25], "uv_size": [0.25, -0.25]}
							}
						},
						{
							"origin": [-0.10162, -1.51106, -13.37514],
							"size": [0.20323, 1.10166, 12.16543],
							"inflate": 0.003,
							"uv": {
								"north": {"uv": [10, 12], "uv_size": [0.25, 0.75]},
								"east": {"uv": [0, 0], "uv_size": [13.75, 0.75]},
								"south": {"uv": [12, 10], "uv_size": [0.25, 0.75]},
								"west": {"uv": [0, 1], "uv_size": [13.75, 0.75]},
								"up": {"uv": [0, 2], "uv_size": [0.25, 13.75]},
								"down": {"uv": [1, 15.75], "uv_size": [0.25, -13.75]}
							}
						}
					]
				},
				{
					"name": "bone8",
					"parent": "hy88_bayonet",
					"pivot": [1.5972, -0.9371, -26.73209],
					"cubes": [
						{
							"origin": [-0.10162, -1.02442, -15.94506],
							"size": [0.20323, 0.5521, 2.58944],
							"inflate": 0.003,
							"pivot": [-0.02147, -1.02263, -14.80706],
							"rotation": [2.5, 0, 0],
							"uv": {
								"north": {"uv": [15, 13], "uv_size": [0.25, 0.25]},
								"east": {"uv": [9, 8], "uv_size": [1.5, 0.25]},
								"south": {"uv": [14, 15], "uv_size": [0.25, 0.25]},
								"west": {"uv": [9, 9], "uv_size": [1.5, 0.25]},
								"up": {"uv": [2, 10], "uv_size": [0.25, 1.5]},
								"down": {"uv": [10, 3.5], "uv_size": [0.25, -1.5]}
							}
						},
						{
							"origin": [-0.10162, -1.39673, -14.94108],
							"size": [0.20323, 0.63046, 1.57077],
							"inflate": 0.003,
							"pivot": [-0.02147, -1.31658, -14.82175],
							"rotation": [-4.5, 0, 0],
							"uv": {
								"north": {"uv": [13, 14], "uv_size": [0.25, 0.5]},
								"east": {"uv": [4, 8], "uv_size": [1, 0.5]},
								"south": {"uv": [14, 13], "uv_size": [0.25, 0.5]},
								"west": {"uv": [5, 8], "uv_size": [1, 0.5]},
								"up": {"uv": [9, 10], "uv_size": [0.25, 1]},
								"down": {"uv": [10, 11], "uv_size": [0.25, -1]}
							}
						},
						{
							"origin": [-0.10162, -1.29969, -15.89989],
							"size": [0.20323, 0.39538, 1.02225],
							"inflate": 0.003,
							"pivot": [-0.02147, -0.98446, -15.38876],
							"rotation": [-10.5, 0, 0],
							"uv": {
								"north": {"uv": [15, 14], "uv_size": [0.25, 0.25]},
								"east": {"uv": [11, 12], "uv_size": [0.75, 0.25]},
								"south": {"uv": [15, 15], "uv_size": [0.25, 0.25]},
								"west": {"uv": [12, 11], "uv_size": [0.75, 0.25]},
								"up": {"uv": [12, 12], "uv_size": [0.25, 0.75]},
								"down": {"uv": [2, 13.75], "uv_size": [0.25, -0.75]}
							}
						},
						{
							"origin": [-0.10162, -1.06297, -16.8548],
							"size": [0.20323, 0.25073, 1.02773],
							"inflate": 0.003,
							"pivot": [-0.02147, -0.74774, -16.3382],
							"rotation": [-17.5, 0, 0],
							"uv": {
								"north": {"uv": [0, 16], "uv_size": [0.25, 0.25]},
								"east": {"uv": [13, 2], "uv_size": [0.75, 0.25]},
								"south": {"uv": [16, 0], "uv_size": [0.25, 0.25]},
								"west": {"uv": [3, 13], "uv_size": [0.75, 0.25]},
								"up": {"uv": [13, 3], "uv_size": [0.25, 0.75]},
								"down": {"uv": [4, 13.75], "uv_size": [0.25, -0.75]}
							}
						},
						{
							"origin": [-0.10162, -0.93469, -16.95848],
							"size": [0.20323, 0.23192, 0.09816],
							"inflate": 0.003,
							"pivot": [-0.02147, -0.82814, -16.83641],
							"rotation": [-40, 0, 0],
							"uv": {
								"north": {"uv": [1, 16], "uv_size": [0.25, 0.25]},
								"east": {"uv": [16, 1], "uv_size": [0.25, 0.25]},
								"south": {"uv": [2, 16], "uv_size": [0.25, 0.25]},
								"west": {"uv": [16, 2], "uv_size": [0.25, 0.25]},
								"up": {"uv": [3, 16], "uv_size": [0.25, 0.25]},
								"down": {"uv": [16, 3.25], "uv_size": [0.25, -0.25]}
							}
						},
						{
							"origin": [-0.10162, -0.82789, -16.30628],
							"size": [0.20323, 0.25073, 0.47922],
							"inflate": 0.003,
							"pivot": [-0.02147, -0.51267, -16.3382],
							"rotation": [-17.5, 0, 0],
							"uv": {
								"north": {"uv": [4, 16], "uv_size": [0.25, 0.25]},
								"east": {"uv": [16, 4], "uv_size": [0.25, 0.25]},
								"south": {"uv": [5, 16], "uv_size": [0.25, 0.25]},
								"west": {"uv": [16, 5], "uv_size": [0.25, 0.25]},
								"up": {"uv": [6, 16], "uv_size": [0.25, 0.25]},
								"down": {"uv": [16, 6.25], "uv_size": [0.25, -0.25]}
							}
						},
						{
							"origin": [-0.10162, -0.80611, -16.83622],
							"size": [0.20323, 0.20983, 0.89639],
							"inflate": 0.003,
							"pivot": [-0.02147, -0.72596, -16.45095],
							"rotation": [8.5, 0, 0],
							"uv": {
								"north": {"uv": [7, 16], "uv_size": [0.25, 0.25]},
								"east": {"uv": [14, 14], "uv_size": [0.5, 0.25]},
								"south": {"uv": [16, 7], "uv_size": [0.25, 0.25]},
								"west": {"uv": [15, 0], "uv_size": [0.5, 0.25]},
								"up": {"uv": [15, 1], "uv_size": [0.25, 0.5]},
								"down": {"uv": [2, 15.5], "uv_size": [0.25, -0.5]}
							}
						}
					]
				},
				{
					"name": "dt2",
					"parent": "hy88_bayonet",
					"pivot": [0.11907, -0.72336, 0.10196],
					"rotation": [1, 0, 0],
					"cubes": [
						{
							"origin": [-0.29168, -1.67697, -0.25466],
							"size": [0.58337, 1.44173, 0.3933],
							"inflate": 0.003,
							"pivot": [-0.00479, -0.8961, -0.08197],
							"rotation": [-1, 0, 0],
							"uv": {
								"north": {"uv": [11, 5], "uv_size": [0.25, 0.75]},
								"east": {"uv": [6, 11], "uv_size": [0.25, 0.75]},
								"south": {"uv": [11, 6], "uv_size": [0.25, 0.75]},
								"west": {"uv": [7, 11], "uv_size": [0.25, 0.75]},
								"up": {"uv": [15, 7], "uv_size": [0.25, 0.25]},
								"down": {"uv": [8, 15.25], "uv_size": [0.25, -0.25]}
							}
						},
						{
							"origin": [0.17324, -1.61029, -0.26578],
							"size": [0.24056, 0.15384, 0.3933],
							"inflate": 0.003,
							"pivot": [0.29352, -1.53338, -0.06913],
							"rotation": [-0.53734, -0.84338, -57.49605],
							"uv": {
								"north": {"uv": [11, 7], "uv_size": [0.25, 0.75]},
								"east": {"uv": [8, 11], "uv_size": [0.25, 0.75]},
								"south": {"uv": [11, 8], "uv_size": [0.25, 0.75]},
								"west": {"uv": [9, 11], "uv_size": [0.25, 0.75]},
								"up": {"uv": [15, 8], "uv_size": [0.25, 0.25]},
								"down": {"uv": [9, 15.25], "uv_size": [0.25, -0.25]}
							}
						},
						{
							"origin": [0.2832, -0.85431, -0.25208],
							"size": [0.12056, 0.27384, 0.3933],
							"inflate": 0.003,
							"pivot": [0.28348, -0.77739, -0.05543],
							"rotation": [0, 0, -45],
							"uv": {
								"north": {"uv": [11, 7.75], "uv_size": [0.25, -0.75]},
								"east": {"uv": [8, 11.75], "uv_size": [0.25, -0.75]},
								"south": {"uv": [11, 8.75], "uv_size": [0.25, -0.75]},
								"west": {"uv": [9, 11.75], "uv_size": [0.25, -0.75]},
								"up": {"uv": [9, 15], "uv_size": [0.25, 0.25]},
								"down": {"uv": [15, 8.25], "uv_size": [0.25, -0.25]}
							}
						},
						{
							"origin": [-0.40376, -0.85431, -0.25208],
							"size": [0.12056, 0.27384, 0.3933],
							"inflate": 0.003,
							"pivot": [-0.28348, -0.77739, -0.05543],
							"rotation": [0, 0, 45],
							"uv": {
								"north": {"uv": [11.25, 7.75], "uv_size": [-0.25, -0.75]},
								"east": {"uv": [9.25, 11.75], "uv_size": [-0.25, -0.75]},
								"south": {"uv": [11.25, 8.75], "uv_size": [-0.25, -0.75]},
								"west": {"uv": [8.25, 11.75], "uv_size": [-0.25, -0.75]},
								"up": {"uv": [9.25, 15], "uv_size": [-0.25, 0.25]},
								"down": {"uv": [15.25, 8.25], "uv_size": [-0.25, -0.25]}
							}
						},
						{
							"origin": [-0.4138, -1.61029, -0.26578],
							"size": [0.24056, 0.15384, 0.3933],
							"inflate": 0.003,
							"pivot": [-0.29352, -1.53338, -0.06913],
							"rotation": [-0.53734, 0.84338, 57.49605],
							"uv": {
								"north": {"uv": [11.25, 7], "uv_size": [-0.25, 0.75]},
								"east": {"uv": [9.25, 11], "uv_size": [-0.25, 0.75]},
								"south": {"uv": [11.25, 8], "uv_size": [-0.25, 0.75]},
								"west": {"uv": [8.25, 11], "uv_size": [-0.25, 0.75]},
								"up": {"uv": [15.25, 8], "uv_size": [-0.25, 0.25]},
								"down": {"uv": [9.25, 15.25], "uv_size": [-0.25, -0.25]}
							}
						},
						{
							"origin": [-0.4159, -1.50415, -0.25763],
							"size": [0.71625, 0.84832, 0.3933],
							"inflate": 0.003,
							"pivot": [-0.01345, -1.06654, -0.08494],
							"rotation": [0, -1, -90],
							"uv": {
								"north": {"uv": [2, 12], "uv_size": [0.25, 0.75]},
								"east": {"uv": [12, 2], "uv_size": [0.25, 0.75]},
								"south": {"uv": [3, 12], "uv_size": [0.25, 0.75]},
								"west": {"uv": [12, 3], "uv_size": [0.25, 0.75]},
								"up": {"uv": [15, 10], "uv_size": [0.25, 0.25]},
								"down": {"uv": [11, 15.25], "uv_size": [0.25, -0.25]}
							}
						}
					]
				}
			]
		}
	]
}